genome_id,resistant_phenotype
"1773.20000","Susceptible"
"1773.40347","Resistant"
"1733.10928","Resistant"
"1773.35329","Susceptible"
"1773.34977","Susceptible"
"1773.14908","Susceptible"
"1733.10240","Susceptible"
"1773.33495","Susceptible"
"1733.3918","Susceptible"
"1733.3693","Susceptible"
"1773.28387","Susceptible"
"1773.42729","Resistant"
"1773.19235","Susceptible"
"1773.42199","Susceptible"
"1773.20335","Resistant"
"1773.17932","Susceptible"
"1773.34466","Susceptible"
"1733.2739","Resistant"
"1733.7018","Resistant"
"1773.18484","Resistant"
"1733.5813","Resistant"
"1733.8913","Resistant"
"1773.14549","Susceptible"
"1773.41773","Susceptible"
"1773.15141","Susceptible"
"1773.30617","Susceptible"
"1773.32919","Resistant"
"1733.6566","Susceptible"
"1773.36705","Susceptible"
"1773.19384","Susceptible"
"1773.15625","Susceptible"
"1773.15589","Susceptible"
"1773.21404","Resistant"
"1773.19978","Susceptible"
"1733.9882","Resistant"
"1773.34585","Susceptible"
"1773.36944","Susceptible"
"1773.42195","Resistant"
"1773.36567","Resistant"
"1773.35243","Susceptible"
"1733.7344","Resistant"
"1733.5463","Susceptible"
"1773.5290","Resistant"
"1733.2374","Susceptible"
"1773.29633","Resistant"
"1773.4139","Resistant"
"1773.13267","Susceptible"
"1733.7039","Susceptible"
"1773.39550","Resistant"
"1733.10125","Susceptible"
"1773.38399","Susceptible"
"1773.32652","Susceptible"
"1773.2528","Susceptible"
"1733.3428","Susceptible"
"1733.3290","Susceptible"
"1773.20509","Resistant"
"1773.40241","Susceptible"
"1733.8774","Resistant"
"1733.4454","Susceptible"
"1455285.3","Resistant"
"1733.8449","Susceptible"
"1733.8114","Susceptible"
"1733.8031","Susceptible"
"1773.27020","Resistant"
"1733.1923","Susceptible"
"1773.17615","Resistant"
"1733.6116","Susceptible"
"1733.952","Resistant"
"1494075.168","Susceptible"
"1733.1016","Resistant"
"1773.4879","Susceptible"
"1773.39710","Susceptible"
"1773.28574","Susceptible"
"1773.34510","Susceptible"
"1773.20238","Susceptible"
"1408954.4","Susceptible"
"1773.39877","Resistant"
"1773.32367","Susceptible"
"1773.8064",
"1733.10608","Susceptible"
"1773.5481","Susceptible"
"1773.29308","Resistant"
"1773.32683","Susceptible"
"1773.19899","Susceptible"
"1733.7792","Resistant"
"1806.25","Susceptible"
"1773.923","Resistant"
"1773.43666","Susceptible"
"1773.958","Resistant"
"1733.1571","Resistant"
"1733.8205","Resistant"
"1773.15489","Resistant"
"1773.19528","Susceptible"
"1733.1120","Susceptible"
"1773.42516","Susceptible"
"1773.15529","Susceptible"
"1773.20170","Susceptible"
"1773.39881","Susceptible"
"1773.15493","Susceptible"
"1733.3410","Susceptible"
"1773.2991","Susceptible"
"1773.43583","Susceptible"
"1773.997","Susceptible"
"1733.5488","Susceptible"
"1773.41674","Resistant"
"1773.20333","Susceptible"
"1773.37732","Resistant"
"1773.3077","Susceptible"
"1422037.3","Resistant"
"1733.5190","Susceptible"
"1773.19401","Susceptible"
"1773.17961","Susceptible"
"1733.6024","Susceptible"
"1773.19893","Susceptible"
"1773.33569","Susceptible"
"1773.15731","Susceptible"
"1733.9115","Susceptible"
"1773.42053","Susceptible"
"1397909.3","Susceptible"
"1773.15331","Resistant"
"1773.4589","Susceptible"
"1773.42073","Resistant"
"1733.1303","Resistant"
"1773.41318","Resistant"
"1733.6825","Susceptible"
"1773.15067","Susceptible"
"1773.4639","Resistant"
"1733.1438","Resistant"
"1773.42702","Resistant"
"1733.5725","Susceptible"
"1733.5260","Susceptible"
"1733.7287","Resistant"
"1773.34720","Susceptible"
"1448439.3","Susceptible"
"1733.5958","Resistant"
"1773.40695","Susceptible"
"1773.39316","Resistant"
"1773.20513","Susceptible"
"1773.15658","Susceptible"
"1773.21387","Resistant"
"1773.34482","Susceptible"
"1773.37593","Susceptible"
"1733.3303","Susceptible"
"1773.19366","Susceptible"
"1773.15821","Susceptible"
"1733.3870","Susceptible"
"1773.18930","Susceptible"
"1773.41532","Resistant"
"1773.40772","Susceptible"
"1733.10889","Susceptible"
"1773.947","Susceptible"
"1773.40918","Resistant"
"1733.11268","Susceptible"
"1733.9106","Resistant"
"1773.31979","Resistant"
"1773.43739","Resistant"
"1733.7433","Resistant"
"1733.7776","Resistant"
"1773.4241","Susceptible"
"1773.20080","Susceptible"
"1448605.3","Resistant"
"1773.13705","Susceptible"
"1773.32682","Susceptible"
"1773.19230","Susceptible"
"1773.3385","Resistant"
"1733.8334","Susceptible"
"1773.18859","Susceptible"
"1733.1205","Susceptible"
"1773.41254","Susceptible"
"1733.5132","Susceptible"
"1773.3922","Susceptible"
"1733.4139","Susceptible"
"1773.20307","Susceptible"
"1773.17661","Susceptible"
"1773.18328","Resistant"
"1733.4734","Susceptible"
"1733.8630","Resistant"
"1733.1328","Susceptible"
"1421984.3","Resistant"
"1733.7808","Resistant"
"1733.5524","Susceptible"
"1773.35416","Susceptible"
"1733.2697","Resistant"
"1773.27089","Resistant"
"1773.41444","Susceptible"
"1773.34999","Susceptible"
"1773.27571","Susceptible"
"1773.4528","Susceptible"
"1733.4254","Susceptible"
"1773.34913","Susceptible"
"1733.10072","Susceptible"
"1773.21225","Resistant"
"1773.27698","Susceptible"
"1773.23709","Susceptible"
"1773.31874","Resistant"
"1773.41570","Resistant"
"1773.31899","Resistant"
"1733.6630","Susceptible"
"1773.14677","Susceptible"
"1733.525","Susceptible"
"1773.39832","Susceptible"
"1773.19326","Susceptible"
"1773.34635","Resistant"
"1773.31098","Resistant"
"1733.9820","Susceptible"
"1773.40889","Susceptible"
"1773.38515","Susceptible"
"1733.1010","Resistant"
"1773.42034","Resistant"
"1733.7330","Resistant"
"1733.1128","Resistant"
"1733.2710","Resistant"
"1773.32989","Susceptible"
"1733.6752","Resistant"
"1733.8231","Susceptible"
"1773.29545","Resistant"
"1733.1286","Resistant"
"1773.19463","Susceptible"
"1773.42032","Resistant"
"1733.9368","Susceptible"
"1773.27612","Susceptible"
"1733.9954","Resistant"
"1773.16366","Susceptible"
"1773.33546","Susceptible"
"1733.8811","Susceptible"
"1773.13535","Susceptible"
"1773.3744","Susceptible"
"1773.43486","Susceptible"
"1773.19116","Susceptible"
"1733.10903","Resistant"
"1773.33911","Resistant"
"1773.23447","Susceptible"
"1448778.3","Susceptible"
"1773.27985","Susceptible"
"1773.21452","Resistant"
"1733.599","Susceptible"
"1733.950","Susceptible"
"1773.37789","Susceptible"
"1733.9709","Susceptible"
"1773.23338","Resistant"
"1773.40362","Susceptible"
"1733.2483","Resistant"
"1733.8270","Susceptible"
"1773.19446","Susceptible"
"1773.20790","Resistant"
"1733.9218","Susceptible"
"1733.8798","Resistant"
"1773.41220","Susceptible"
"1773.3908","Susceptible"
"1773.36231","Resistant"
"1773.14390","Susceptible"
"1773.4355","Susceptible"
"1773.40543","Susceptible"
"1733.1505","Resistant"
"1397856.3","Resistant"
"1773.21003","Susceptible"
"1421955.3","Resistant"
"1773.34217","Susceptible"
"1773.40817","Resistant"
"1773.20272","Susceptible"
"1773.21654","Susceptible"
"1773.37364","Susceptible"
"1733.1571","Resistant"
"1773.14642","Susceptible"
"1733.3858","Susceptible"
"1773.19568","Susceptible"
"1773.15806","Susceptible"
"1733.5438","Susceptible"
"1733.5929","Susceptible"
"1733.2347","Resistant"
"1773.27322","Susceptible"
"1773.43097","Susceptible"
"1773.35903","Susceptible"
"1773.41568","Resistant"
"1773.5236","Susceptible"
"1773.37850","Susceptible"
"1773.18192","Resistant"
"1773.16045","Susceptible"
"1733.7377","Resistant"
"1773.16080","Susceptible"
"1773.43705","Susceptible"
"1773.34388","Susceptible"
"1773.27180","Susceptible"
"1400874.3","Resistant"
"1733.9867","Resistant"
"1733.2482","Resistant"
"1773.21444","Resistant"
"1733.1356","Resistant"
"1773.42963","Resistant"
"1408953.4","Susceptible"
"1733.559","Resistant"
"1773.42588","Resistant"
"1773.21695","Susceptible"
"1733.4199","Susceptible"
"1733.5378","Susceptible"
"1408963.4","Resistant"
"1733.6513","Susceptible"
"1773.40209","Susceptible"
"1733.10759","Susceptible"
"1733.7040","Susceptible"
"1733.2626","Susceptible"
"1773.14288","Susceptible"
"1733.50","Susceptible"
"1773.41064","Susceptible"
"1773.5733","Susceptible"
"1773.16077","Susceptible"
"1773.40698","Resistant"
"1773.20373","Susceptible"
"1773.17563","Susceptible"
"1733.2153","Susceptible"
"1773.15081","Susceptible"
"1733.1261","Resistant"
"1733.2458","Resistant"
"1448465.3","Resistant"
"1773.41990","Resistant"
"1733.5365","Susceptible"
"1773.40130","Susceptible"
"1773.2812","Susceptible"
"1733.2669","Susceptible"
"1733.2307","Susceptible"
"1733.3588","Susceptible"
"1733.10342","Susceptible"
"1733.1011","Resistant"
"1773.42099","Resistant"
"1733.8120","Susceptible"
"1733.9991","Susceptible"
"1773.31044","Susceptible"
"1773.3325","Resistant"
"1733.1047","Resistant"
"1733.8400","Susceptible"
"1733.7234","Susceptible"
"1773.15831","Susceptible"
"1773.8070",
"1773.39311","Susceptible"
"1773.15986","Susceptible"
"1773.19838","Susceptible"
"1773.43137","Susceptible"
"1773.32533","Susceptible"
"1733.2364","Resistant"
"1733.11161","Susceptible"
"1773.31558","Resistant"
"1733.10815","Resistant"
"1733.4866","Susceptible"
"1773.15607","Susceptible"
"1773.13389","Susceptible"
"1733.10031","Susceptible"
"1773.31978","Resistant"
"1733.5574","Susceptible"
"1733.5174","Susceptible"
"1773.15395","Susceptible"
"1733.4950","Susceptible"
"1773.29681","Resistant"
"1773.1339","Resistant"
"1733.504","Susceptible"
"1733.7221","Resistant"
"1773.15052","Susceptible"
"1773.38596","Susceptible"
"1733.8551","Susceptible"
"1773.19585","Susceptible"
"1733.1207","Susceptible"
"1733.9589","Susceptible"
"1773.18290","Resistant"
"1733.9086","Resistant"
"1773.19130","Susceptible"
"1733.2895","Resistant"
"1773.32978","Resistant"
"1733.9926","Resistant"
"1773.42937","Resistant"
"1733.10781","Susceptible"
"1773.1644","Resistant"
"1773.33100","Susceptible"
"1733.9143","Resistant"
"1733.4063","Susceptible"
"1773.29209","Resistant"
"1733.3616","Susceptible"
"1773.19294","Susceptible"
"1773.2789","Resistant"
"1448570.3","Resistant"
"1773.43351","Susceptible"
"1733.8393","Susceptible"
"1354112.3","Resistant"
"1773.17680","Susceptible"
"1773.40281","Resistant"
"1733.3039","Resistant"
"1773.19932","Susceptible"
"1733.6435","Susceptible"
"1773.19965","Susceptible"
"1773.35803","Resistant"
"1773.36799","Susceptible"
"1773.1534","Resistant"
"1733.2989","Susceptible"
"1773.16157","Resistant"
"1773.15792","Susceptible"
"1733.4093","Susceptible"
"1773.39625","Susceptible"
"1773.15101","Resistant"
"1773.41219","Susceptible"
"1733.4764","Susceptible"
"1773.32591","Susceptible"
"1733.5851","Susceptible"
"1773.34702","Susceptible"
"1733.425","Resistant"
"1773.20360","Resistant"
"1773.26772","Resistant"
"1773.3184","Resistant"
"1773.41550","Resistant"
"1773.27494","Susceptible"
"1733.6320","Susceptible"
"1733.7010","Susceptible"
"1773.41143","Susceptible"
"1773.32278","Resistant"
"1773.38834","Resistant"
"1773.44739","Resistant"
"1773.29409","Resistant"
"1733.3858","Susceptible"
"1773.32403","Resistant"
"1773.30605","Susceptible"
"1733.3233","Susceptible"
"1733.1682","Susceptible"
"1733.10509","Susceptible"
"1773.2517","Resistant"
"1733.5979","Resistant"
"1773.14186","Resistant"
"1733.4859","Susceptible"
"1733.11197","Susceptible"
"1733.1727","Susceptible"
"1773.18699","Resistant"
"1773.42057","Susceptible"
"1733.8276","Susceptible"
"1773.1079","Susceptible"
"1773.40705","Resistant"
"1733.11192","Susceptible"
"1773.19203","Susceptible"
"1733.4073","Susceptible"
"1773.18783","Susceptible"
"1773.14368","Susceptible"
"1773.21934","Resistant"
"1733.1064","Susceptible"
"1773.4288","Susceptible"
"1773.40912","Resistant"
"1773.33723","Susceptible"
"1733.3479","Susceptible"
"1733.959","Resistant"
"1773.28005","Susceptible"
"1733.132","Susceptible"
"1733.8488","Susceptible"
"1773.5839","Resistant"
"1773.35378","Susceptible"
"1733.1208","Susceptible"
"1733.8837","Susceptible"
"1334059.3","Susceptible"
"1773.43392","Susceptible"
"1427229.3","Resistant"
"1773.20525","Susceptible"
"1773.8702","Susceptible"
"1402599.3","Susceptible"
"1773.18986","Susceptible"
"1773.13517","Susceptible"
"1773.40961","Resistant"
"1733.3835","Susceptible"
"1773.44777","Susceptible"
"1773.4459","Susceptible"
"1733.3458","Susceptible"
"1733.11246","Susceptible"
"1733.11054","Susceptible"
"1773.38274","Resistant"
"1773.19802","Susceptible"
"1773.14276","Susceptible"
"1733.2338","Susceptible"
"1773.42228","Susceptible"
"1733.7850","Susceptible"
"1773.3238","Susceptible"
"1773.1293","Resistant"
"1773.3819","Susceptible"
"1773.2684","Resistant"
"1733.6098","Resistant"
"1773.2526","Resistant"
"1733.7822","Resistant"
"1773.19344","Susceptible"
"1773.42434","Susceptible"
"1447441.3","Resistant"
"1733.3530","Susceptible"
"1773.41775","Resistant"
"1773.42885","Resistant"
"1733.1044","Resistant"
"1733.6604","Susceptible"
"1733.2555","Susceptible"
"1733.8629","Resistant"
"1773.35603","Resistant"
"1773.40023","Susceptible"
"1733.5545","Susceptible"
"1733.7991","Susceptible"
"1402587.3",
"1773.38759","Susceptible"
"1773.19117","Susceptible"
"1773.43040","Susceptible"
"1773.39235","Susceptible"
"1773.42531","Resistant"
"1773.37744","Resistant"
"1438836.3","Resistant"
"1773.3700","Susceptible"
"1773.34729","Susceptible"
"1733.10672","Susceptible"
"1773.41004","Susceptible"
"1773.15773","Susceptible"
"1773.20203","Susceptible"
"1773.41694","Susceptible"
"1773.21648","Susceptible"
"1733.1515","Resistant"
"1733.1498","Susceptible"
"1773.40956","Resistant"
"1773.4002","Susceptible"
"1773.15906","Resistant"
"1733.4835","Resistant"
"1773.18804","Susceptible"
"1733.3961","Susceptible"
"1733.4330","Susceptible"
"1773.35577","Susceptible"
"1773.5623","Susceptible"
"1733.1386","Resistant"
"1733.9524","Susceptible"
"1773.19897","Susceptible"
"1773.37194","Susceptible"
"1733.2872","Resistant"
"1773.39705","Susceptible"
"1733.10684","Susceptible"
"1773.42793","Susceptible"
"1773.35099","Susceptible"
"1773.15507","Resistant"
"1773.21602","Susceptible"
"1773.10690","Resistant"
"1773.3682","Susceptible"
"1773.27633","Susceptible"
"1733.8873","Resistant"
"1773.43699","Resistant"
"1733.10757","Susceptible"
"1773.20149","Susceptible"
"1773.18660","Resistant"
"1733.7230","Resistant"
"1448645.3","Susceptible"
"1773.15976","Susceptible"
"1773.27762","Susceptible"
"1733.8048","Susceptible"
"1733.3478","Susceptible"
"1733.5140","Susceptible"
"1773.18257","Resistant"
"1773.18287","Resistant"
"1773.1289","Susceptible"
"1773.41746","Resistant"
"1773.15569","Susceptible"
"1773.41584","Resistant"
"1773.20492","Resistant"
"1733.3786","Susceptible"
"1438834.3","Resistant"
"1773.28400","Susceptible"
"1773.15074","Susceptible"
"1733.8374","Susceptible"
"1773.31715","Resistant"
"1773.26999","Resistant"
"1733.10694","Susceptible"
"1773.20006","Susceptible"
"1773.41968","Susceptible"
"1733.9817","Susceptible"
"1773.19132","Susceptible"
"1733.4087","Susceptible"
"1447524.3","Resistant"
"1733.6108","Susceptible"
"1733.1220","Resistant"
"1773.42494","Resistant"
"1773.1100","Resistant"
"1773.19823","Susceptible"
"1773.42351","Resistant"
"1773.17381","Susceptible"
"1733.6228","Susceptible"
"1773.19101","Susceptible"
"1733.594","Resistant"
"1733.7545","Resistant"
"1733.4830","Susceptible"
"1773.39900","Resistant"
"1773.34249","Susceptible"
"1733.503","Susceptible"
"1773.1706","Susceptible"
"1733.4884","Susceptible"
"1773.1210","Susceptible"
"1733.2100","Susceptible"
"1773.15533","Susceptible"
"1773.15788","Susceptible"
"1773.40307","Susceptible"
"1733.2180","Resistant"
"1773.4782","Susceptible"
"1422058.3","Resistant"
"1494075.165","Susceptible"
"1773.15488","Susceptible"
"1773.37437","Resistant"
"1733.8097","Susceptible"
"1773.32820","Susceptible"
"1773.34700","Susceptible"
"1733.9201","Susceptible"
"1733.7285","Resistant"
"1773.1456","Resistant"
"1773.5739","Susceptible"
"1773.18460","Resistant"
"1773.19797","Susceptible"
"1733.1063","Susceptible"
"1773.298","Resistant"
"1773.37056","Resistant"
"652616.4","Susceptible"
"1773.5133","Susceptible"
"1733.972","Susceptible"
"1773.17419","Resistant"
"1733.9131","Resistant"
"1773.28969","Susceptible"
"1773.5343","Susceptible"
"1733.7141","Susceptible"
"1773.21594","Resistant"
"1773.37275","Resistant"
"1773.35069","Susceptible"
"1733.2012","Susceptible"
"1773.20848","Susceptible"
"1773.28178","Susceptible"
"1733.3915","Susceptible"
"1773.39099","Susceptible"
"1733.10231","Susceptible"
"1773.19183","Susceptible"
"1773.33757","Susceptible"
"1773.14465","Susceptible"
"1773.26895","Resistant"
"1773.32958","Resistant"
"1733.11169","Susceptible"
"1448748.3","Susceptible"
"1773.16101","Susceptible"
"1733.7569","Susceptible"
"1773.13332","Susceptible"
"1733.6085","Susceptible"
"1733.3511","Susceptible"
"1773.20429","Susceptible"
"1324269.3","Resistant"
"1773.29478","Resistant"
"1773.4114","Susceptible"
"1773.5101","Susceptible"
"1773.15441","Susceptible"
"1733.5515","Resistant"
"1733.1438","Resistant"
"1773.27217","Susceptible"
"1773.41317","Resistant"
"1773.42127","Susceptible"
"1773.14944","Susceptible"
"1427286.3","Susceptible"
"1773.39946","Susceptible"
"1773.3965","Resistant"
"1773.4254","Susceptible"
"1773.19247","Susceptible"
"1773.41169","Susceptible"
"1733.966","Susceptible"
"1773.17606","Susceptible"
"1773.43688","Susceptible"
"2583589.8","Susceptible"
"1733.1168","Susceptible"
"1773.35306","Susceptible"
"1733.5203","Susceptible"
"1773.41963","Resistant"
"1773.10760","Resistant"
"1773.3439","Susceptible"
"1773.10733","Resistant"
"1773.39901","Susceptible"
"1773.41242","Susceptible"
"1773.19641","Susceptible"
"1733.3271","Susceptible"
"1324294.3","Susceptible"
"1773.36093","Resistant"
"1773.19542","Susceptible"
"1733.8988","Resistant"
"1773.33652","Susceptible"
"1773.41306","Resistant"
"1773.36341","Susceptible"
"1773.21552","Resistant"
"1773.35638","Susceptible"
"1733.9920","Resistant"
"1773.21519","Resistant"
"1773.29346","Resistant"
"1773.36894","Susceptible"
"1773.40639","Susceptible"
"1733.5995","Susceptible"
"1773.33293","Resistant"
"1733.397","Susceptible"
"1773.39576","Susceptible"
"1773.10808","Resistant"
"1733.8987","Resistant"
"1733.10790","Susceptible"
"1733.10269","Susceptible"
"1733.1316","Resistant"
"1773.21554","Resistant"
"1354114.3","Resistant"
"1733.6843","Resistant"
"1773.40368","Susceptible"
"1773.4710","Susceptible"
"1421980.3","Resistant"
"1773.42166","Susceptible"
"1773.27907","Susceptible"
"1773.17343","Susceptible"
"1773.15975","Susceptible"
"1733.8785","Resistant"
"1733.2414","Susceptible"
"1773.33021","Resistant"
"1773.5724","Susceptible"
"1733.5146","Susceptible"
"1773.35369","Susceptible"
"1733.8594","Resistant"
"1773.23625","Resistant"
"1773.38218","Resistant"
"1773.20552","Susceptible"
"1733.7815","Resistant"
"1733.1913","Susceptible"
"1773.2952","Resistant"
"1773.18790","Susceptible"
"1733.1088","Susceptible"
"1773.36527","Susceptible"
"1773.8254","Susceptible"
"1773.15664","Susceptible"
"1773.28328","Susceptible"
"1334077.3","Susceptible"
"1773.42296","Susceptible"
"1773.41995","Resistant"
"1773.4126","Susceptible"
"1733.10684","Susceptible"
"1733.6570","Susceptible"
"1733.9995","Susceptible"
"1773.21571","Susceptible"
"1773.32219","Resistant"
"1733.10825","Susceptible"
"1733.4042","Susceptible"
"1773.15597","Susceptible"
"1733.5673","Susceptible"
"1733.10465","Susceptible"
"1733.2582","Resistant"
"1733.8584","Resistant"
"1773.34741","Susceptible"
"1733.5702","Susceptible"
"1733.8470","Resistant"
"1773.35657","Susceptible"
"1773.41752","Resistant"
"1773.29877","Resistant"
"1773.18264","Resistant"
"1773.28374","Susceptible"
"1773.18224","Resistant"
"1773.18569","Resistant"
"1773.35561","Susceptible"
"1733.6708","Resistant"
"1733.1254","Resistant"
"1773.36111","Susceptible"
"1773.15478","Susceptible"
"1408946.4","Susceptible"
"1733.6618","Resistant"
"1773.17341","Susceptible"
"1773.28407","Susceptible"
"1773.34114","Susceptible"
"1773.42281","Susceptible"
"1773.21395","Susceptible"
"1773.40178","Susceptible"
"1733.7644","Resistant"
"1773.14001","Susceptible"
"1773.34595","Resistant"
"1773.8052",
"1773.14406","Susceptible"
"1733.2246","Resistant"
"1733.1255","Resistant"
"1733.7026","Susceptible"
"1773.1598","Susceptible"
"1733.6286","Susceptible"
"1448395.3","Resistant"
"1773.21399","Susceptible"
"1773.8156","Susceptible"
"1773.43437","Susceptible"
"1733.6512","Susceptible"
"1773.5060","Susceptible"
"1733.6116","Susceptible"
"1448586.3","Resistant"
"1733.4812","Susceptible"
"1733.1340","Susceptible"
"1773.40170","Susceptible"
"1773.40993","Susceptible"
"1773.14875","Susceptible"
"1773.26930","Resistant"
"1773.15204","Susceptible"
"1733.4249","Susceptible"
"1733.6959","Resistant"
"1733.4169","Susceptible"
"1733.7423","Resistant"
"1733.5556","Susceptible"
"1773.41678","Susceptible"
"1733.1934","Susceptible"
"1773.1011","Resistant"
"1408922.4",
"1733.634","Resistant"
"1733.4537","Susceptible"
"1733.4291","Susceptible"
"1733.2616","Resistant"
"1773.33102","Susceptible"
"1773.27937","Resistant"
"1773.18405","Resistant"
"1733.8592","Resistant"
"1733.3068","Resistant"
"1773.27713","Susceptible"
"1773.4231","Resistant"
"1733.9642","Resistant"
"1773.10775","Resistant"
"1773.32818","Resistant"
"1733.10554","Susceptible"
"1773.23603","Susceptible"
"1733.323","Susceptible"
"1773.5132","Susceptible"
"1773.1552","Susceptible"
"1773.40337","Resistant"
"1773.32565","Resistant"
"1733.1369","Resistant"
"1773.1469","Resistant"
"1773.43775","Susceptible"
"1733.5476","Susceptible"
"1773.15784","Resistant"
"1773.13662","Susceptible"
"1773.39090","Susceptible"
"1733.10002","Susceptible"
"1773.19833","Susceptible"
"1773.36385","Susceptible"
"1773.31312","Susceptible"
"1773.41325","Susceptible"
"1773.3638","Susceptible"
"1773.15027","Susceptible"
"1773.38908","Resistant"
"1773.14577","Resistant"
"1773.32228","Resistant"
"1773.32784","Susceptible"
"1773.29334","Resistant"
"1773.19440","Susceptible"
"1773.43200","Susceptible"
"1773.43820","Susceptible"
"1733.2682","Resistant"
"1733.11018","Susceptible"
"1773.27394","Resistant"
"1773.1926","Resistant"
"1773.31858","Susceptible"
"1773.13440","Susceptible"
"1733.1114","Susceptible"
"1773.32137","Resistant"
"1773.40670","Susceptible"
"1773.32159","Resistant"
"1773.4495","Susceptible"
"1733.3664","Susceptible"
"1773.29018","Susceptible"
"1773.15266","Susceptible"
"1773.4759","Susceptible"
"1773.20215","Susceptible"
"1773.20934","Susceptible"
"1773.42404","Resistant"
"1773.21482","Susceptible"
"1733.3998","Susceptible"
"1422006.3","Resistant"
"1773.30658","Susceptible"
"1733.6759","Susceptible"
"1773.18510","Resistant"
"1773.21638","Susceptible"
"1733.8398","Susceptible"
"1733.2282","Resistant"
"1733.7718","Resistant"
"1733.2089","Resistant"
"1733.9292","Resistant"
"1773.35723","Resistant"
"1733.7432","Resistant"
"1773.14218","Susceptible"
"1733.7591","Resistant"
"1773.15755","Susceptible"
"1733.4549","Susceptible"
"1733.3797","Susceptible"
"1733.4663","Susceptible"
"1773.18948","Susceptible"
"1773.13223","Susceptible"
"1773.38961","Resistant"
"1773.42376","Susceptible"
"1773.39201","Susceptible"
"1733.3197","Susceptible"
"1773.34572","Resistant"
"1773.40350","Resistant"
"1773.5698","Susceptible"
"1773.34821","Resistant"
"1733.11223","Susceptible"
"1733.9592","Susceptible"
"1733.3807","Susceptible"
"1773.27162","Susceptible"
"1733.9407","Susceptible"
"1773.8127",
"1773.5645","Susceptible"
"1733.10745","Susceptible"
"1733.10152","Susceptible"
"1773.40274","Resistant"
"1773.18658","Resistant"
"1773.18828","Susceptible"
"1733.6653","Susceptible"
"1733.3166","Susceptible"
"1733.9234","Susceptible"
"1733.2564","Resistant"
"1733.1356","Resistant"
"1733.1914","Susceptible"
"1773.38645","Susceptible"
"1773.34862","Susceptible"
"1733.9642","Resistant"
"1773.15139","Susceptible"
"1773.21236","Susceptible"
"1773.29154","Susceptible"
"1773.5731","Susceptible"
"1773.37257","Susceptible"
"1733.2759","Resistant"
"1733.537","Resistant"
"1773.36793","Susceptible"
"1733.10150","Susceptible"
"1773.41541","Resistant"
"1773.42339","Susceptible"
"1773.42683","Susceptible"
"1773.16199","Susceptible"
"1733.5034","Susceptible"
"1773.2796","Resistant"
"1733.10981","Susceptible"
"1773.8301","Resistant"
"1773.15036","Susceptible"
"1733.8733","Resistant"
"1733.9615","Susceptible"
"1773.34824","Susceptible"
"1733.5944","Susceptible"
"1773.3343","Resistant"
"1733.4972","Susceptible"
"1733.4883","Susceptible"
"1733.9214","Resistant"
"1733.2013","Susceptible"
"1773.15249","Resistant"
"1773.21584","Susceptible"
"1733.10812","Susceptible"
"1733.2221","Resistant"
"1733.10102","Susceptible"
"2583590.6","Susceptible"
"1733.2644","Resistant"
"1773.42409","Susceptible"
"1733.2065","Susceptible"
"1773.42098","Susceptible"
"1773.34814","Susceptible"
"1773.34952","Susceptible"
"1733.3619","Susceptible"
"1773.20174","Susceptible"
"1733.4640","Susceptible"
"1733.5597","Susceptible"
"1773.39551","Resistant"
"1733.1486","Susceptible"
"1773.32486","Resistant"
"1733.3797","Susceptible"
"1773.35190","Susceptible"
"1773.2972","Susceptible"
"1733.8057","Susceptible"
"1773.33197","Resistant"
"1773.36826","Susceptible"
"1773.14923","Susceptible"
"1733.7496","Susceptible"
"1773.31608","Resistant"
"1773.35332","Susceptible"
"1773.19363","Resistant"
"1773.15366","Susceptible"
"1773.5027","Susceptible"
"1733.6013","Susceptible"
"1397899.3","Susceptible"
"1773.41348","Resistant"
"1438881.3","Susceptible"
"1773.17848","Resistant"
"1773.29992","Susceptible"
"1773.31636","Resistant"
"1773.37572","Susceptible"
"1773.18426","Susceptible"
"1773.36843","Susceptible"
"1733.6864","Susceptible"
"1773.2875","Susceptible"
"1773.25625","Resistant"
"1733.8663","Resistant"
"1733.9940","Resistant"
"1773.41736","Resistant"
"1773.16277","Susceptible"
"1733.8639","Susceptible"
"1773.39134","Susceptible"
"1773.18949","Susceptible"
"1773.13936","Susceptible"
"1733.5330","Susceptible"
"1773.29202","Resistant"
"1733.9040","Resistant"
"1733.8934","Resistant"
"1773.21597","Resistant"
"1773.19326","Susceptible"
"1773.35895","Susceptible"
"1773.28117","Susceptible"
"1773.14073","Susceptible"
"1773.42322","Resistant"
"1773.18638","Resistant"
"1733.693","Resistant"
"1733.10623","Susceptible"
"1733.2394","Resistant"
"1773.20496","Resistant"
"1773.22827","Susceptible"
"1733.2686","Susceptible"
"1733.4105","Susceptible"
"1448411.3","Susceptible"
"1733.5432","Susceptible"
"1773.36482","Resistant"
"1773.42818","Resistant"
"1733.5090","Susceptible"
"1773.39845","Resistant"
"1773.17275","Susceptible"
"1733.3007","Susceptible"
"1773.15974","Susceptible"
"1733.9220","Susceptible"
"1733.1590","Resistant"
"1773.10742","Resistant"
"1773.32601","Resistant"
"1773.14797","Resistant"
"1773.1915","Susceptible"
"1733.8967","Resistant"
"1773.41965","Resistant"
"1773.1012","Resistant"
"1733.7357","Resistant"
"1733.7840","Susceptible"
"1773.18536","Resistant"
"1773.43656","Resistant"
"1773.18970","Susceptible"
"1733.9996","Susceptible"
"1773.1853","Resistant"
"1773.31277","Susceptible"
"1733.3827","Susceptible"
"1773.39209","Susceptible"
"1773.40423","Susceptible"
"1733.4336","Susceptible"
"1773.37206","Susceptible"
"1773.8023",
"1773.38606","Susceptible"
"1773.42247","Susceptible"
"1733.585","Susceptible"
"1733.2661","Susceptible"
"1773.42352","Resistant"
"1295740.3","Resistant"
"1773.34983","Susceptible"
"1773.42093","Susceptible"
"1773.3435","Susceptible"
"1773.19376","Susceptible"
"1733.3471","Susceptible"
"1773.39745","Resistant"
"1733.10472","Susceptible"
"1773.33385","Resistant"
"1773.20330","Susceptible"
"1773.4656","Susceptible"
"1733.4734","Susceptible"
"1773.31641","Resistant"
"1733.7448","Resistant"
"1733.5016","Susceptible"
"1733.7627","Resistant"
"1733.2574","Resistant"
"1773.43593","Susceptible"
"1773.42774","Resistant"
"1773.34811","Susceptible"
"1733.7796","Resistant"
"1773.17247","Resistant"
"1773.33521","Resistant"
"1733.739","Resistant"
"1773.21469","Susceptible"
"1733.5956","Susceptible"
"1733.10874","Susceptible"
"1773.40686","Susceptible"
"1773.3225","Susceptible"
"1733.10948","Susceptible"
"1773.41358","Resistant"
"1773.27938","Susceptible"
"1733.9468","Susceptible"
"1733.2312","Susceptible"
"1733.4205","Susceptible"
"1733.5234","Susceptible"
"1773.5425","Susceptible"
"1773.19807","Susceptible"
"1773.15576","Susceptible"
"1773.1254","Resistant"
"1773.40717","Resistant"
"1733.10605","Susceptible"
"1773.19707","Susceptible"
"1733.10244","Susceptible"
"1733.10963","Susceptible"
"1733.1518","Resistant"
"1733.5355","Susceptible"
"1773.27721","Susceptible"
"1733.7414","Resistant"
"1773.27233","Susceptible"
"1773.4028","Resistant"
"1773.41878","Resistant"
"1733.2309","Susceptible"
"1773.29573","Resistant"
"1773.39964","Susceptible"
"1733.9674","Susceptible"
"1773.41885","Resistant"
"1773.21581","Susceptible"
"1773.29255","Resistant"
"1773.38358","Susceptible"
"1733.8446","Resistant"
"1773.4464","Susceptible"
"1733.3026","Susceptible"
"1773.15300","Resistant"
"1733.129","Susceptible"
"1733.1327","Susceptible"
"1733.1863","Susceptible"
"1733.5736","Susceptible"
"1773.1954","Susceptible"
"1733.6337","Susceptible"
"1733.4972","Susceptible"
"1773.5465","Resistant"
"1773.19770","Susceptible"
"1733.2592","Susceptible"
"1773.28082","Susceptible"
"1773.41497","Resistant"
"1733.10273","Susceptible"
"1773.33616","Susceptible"
"1324272.3","Resistant"
"1773.38550","Susceptible"
"1773.14234","Susceptible"
"1773.15896","Susceptible"
"1733.11102","Susceptible"
"1773.15882","Resistant"
"1773.32232","Resistant"
"1733.5464","Susceptible"
"1733.5508","Susceptible"
"1773.2482","Resistant"
"1773.22830","Susceptible"
"1773.16058","Resistant"
"1773.21262","Resistant"
"1773.14905","Susceptible"
"1773.39445","Susceptible"
"1773.42085","Resistant"
"1733.9979","Susceptible"
"1733.866","Susceptible"
"1733.5451","Susceptible"
"1773.19676","Susceptible"
"1773.27626","Susceptible"
"1773.42032","Resistant"
"1773.21512","Susceptible"
"1773.41005","Susceptible"
"1773.10583","Resistant"
"1773.19500","Resistant"
"1733.9641","Resistant"
"1773.18642","Susceptible"
"1773.18707","Resistant"
"1733.9945","Resistant"
"1773.13622","Susceptible"
"1773.21475","Susceptible"
"1448482.3","Resistant"
"1773.29544","Resistant"
"1773.29466","Resistant"
"1773.37184","Susceptible"
"1773.34953","Susceptible"
"1773.33224","Susceptible"
"1773.41340","Resistant"
"1733.74","Susceptible"
"1773.26743","Susceptible"
"1773.14964","Susceptible"
"1733.3424","Susceptible"
"1773.29021","Susceptible"
"1773.34055","Susceptible"
"1773.31483","Susceptible"
"1733.5997","Resistant"
"1733.2124","Susceptible"
"1773.15469","Susceptible"
"1773.2798","Resistant"
"1773.14318","Susceptible"
"1773.33738","Susceptible"
"1733.10738","Susceptible"
"1733.2359","Resistant"
"1733.2612","Resistant"
"1773.14900","Susceptible"
"1733.9310","Susceptible"
"1733.2202","Resistant"
"1773.31562","Resistant"
"1773.36818","Susceptible"
"1733.4821","Resistant"
"1773.19157","Susceptible"
"1773.5182","Susceptible"
"1773.20257","Susceptible"
"1773.15636","Susceptible"
"1733.8144","Susceptible"
"1773.39006","Susceptible"
"1733.5748","Susceptible"
"1733.3902","Susceptible"
"1773.33497","Resistant"
"1773.4660","Resistant"
"1733.5859","Susceptible"
"1733.7951","Resistant"
"1733.431","Susceptible"
"1773.2794","Susceptible"
"1733.2308","Resistant"
"1448582.3","Resistant"
"1773.41617","Resistant"
"1773.16178","Susceptible"
"1773.40359","Susceptible"
"1773.18600","Resistant"
"1773.14579","Susceptible"
"1733.8568","Resistant"
"1733.5452","Susceptible"
"1773.18863","Susceptible"
"1773.13384","Susceptible"
"1773.13911","Susceptible"
"1773.27920","Susceptible"
"1773.4357","Susceptible"
"1733.10068","Susceptible"
"1773.14388","Susceptible"
"1773.21242","Susceptible"
"1773.13828","Susceptible"
"1733.10655","Susceptible"
"1773.26101","Susceptible"
"1773.37103","Susceptible"
"1773.40020","Susceptible"
"1773.13216","Susceptible"
"1773.27560","Susceptible"
"1773.28036","Resistant"
"1733.9318","Susceptible"
"1733.4139","Susceptible"
"1733.7586","Resistant"
"1773.33141","Susceptible"
"1773.33941","Resistant"
"1733.5175","Susceptible"
"1773.13933","Susceptible"
"1773.33740","Resistant"
"1773.43663","Susceptible"
"1773.43059","Resistant"
"1773.18241","Resistant"
"1773.15974","Susceptible"
"1733.10715","Susceptible"
"1733.6072","Susceptible"
"1773.28275","Susceptible"
"1733.10896","Susceptible"
"1773.42965","Resistant"
"1733.5467","Susceptible"
"1733.2630","Resistant"
"1773.43121","Susceptible"
"1733.9270","Susceptible"
"1733.6641","Resistant"
"1773.2912","Susceptible"
"1773.29123","Susceptible"
"1733.2092","Resistant"
"1773.14447","Resistant"
"1733.4969","Susceptible"
"1733.7140","Susceptible"
"1733.11076","Susceptible"
"1733.3174","Susceptible"
"1773.43558","Resistant"
"1733.2556","Susceptible"
"1773.41066","Resistant"
"1773.3637","Susceptible"
"1733.3930","Susceptible"
"1733.2117","Resistant"
"1773.42471","Resistant"
"1773.15811","Susceptible"
"1733.1309","Susceptible"
"1773.37359","Susceptible"
"1773.20340","Susceptible"
"1773.28059","Susceptible"
"1773.31194","Susceptible"
"1773.29624","Resistant"
"1773.18352","Resistant"
"1733.2904","Resistant"
"1400937.3","Resistant"
"1773.19243","Susceptible"
"1733.2460","Resistant"
"1773.19767","Susceptible"
"1773.34724","Resistant"
"1733.9967","Resistant"
"1773.35241","Susceptible"
"1773.19275","Susceptible"
"1733.7382","Resistant"
"1773.41156","Resistant"
"1773.39433","Susceptible"
"1773.40866","Resistant"
"1733.8647","Resistant"
"1733.11066","Susceptible"
"1773.36972","Susceptible"
"1773.19237","Susceptible"
"1773.34555","Resistant"
"1733.4716","Resistant"
"1733.9125","Susceptible"
"1773.20200","Susceptible"
"1733.6877","Susceptible"
"1733.4869","Susceptible"
"1733.1764","Susceptible"
"1773.38368","Susceptible"
"1733.1001","Susceptible"
"1773.19369","Susceptible"
"1773.41001","Resistant"
"1773.16304","Susceptible"
"1773.3683","Resistant"
"1773.15415","Susceptible"
"1773.42517","Susceptible"
"1773.41905","Resistant"
"1773.34306","Susceptible"
"1733.11255","Resistant"
"1773.41854","Resistant"
"1773.19699","Susceptible"
"1773.32446","Susceptible"
"1773.40806","Susceptible"
"1427208.3","Resistant"
"1773.35303","Susceptible"
"1733.4587","Resistant"
"1773.23670","Resistant"
"1773.4890","Susceptible"
"1733.1443","Resistant"
"1733.9123","Resistant"
"1733.8402","Resistant"
"1733.3046","Resistant"
"1773.40746","Resistant"
"1733.6701","Susceptible"
"1773.16251","Susceptible"
"1733.4459","Susceptible"
"1773.32299","Resistant"
"1448605.3","Resistant"
"1773.18938","Susceptible"
"1733.6180","Susceptible"
"1733.3120","Susceptible"
"1773.33515","Resistant"
"1773.21274","Resistant"
"1733.8747","Susceptible"
"1773.17390","Resistant"
"1773.27875","Susceptible"
"1773.37749","Resistant"
"1773.34765","Susceptible"
"1733.7445","Resistant"
"1773.19149","Resistant"
"1733.4024","Susceptible"
"1773.26126","Resistant"
"1773.332","Susceptible"
"1773.18550","Resistant"
"1773.26953","Resistant"
"1421976.3","Resistant"
"1733.3591","Susceptible"
"1733.5162","Susceptible"
"1733.5443","Susceptible"
"1733.4647","Susceptible"
"1773.34097","Susceptible"
"1773.19882","Susceptible"
"1733.3783","Susceptible"
"1773.40114","Susceptible"
"1402597.3","Susceptible"
"1773.2466","Susceptible"
"1773.15691","Susceptible"
"1733.7318","Resistant"
"1773.34688","Susceptible"
"1773.4425","Susceptible"
"1773.15152","Susceptible"
"1773.20482","Resistant"
"1773.21448","Resistant"
"1773.37663","Resistant"
"1773.37085","Susceptible"
"1773.5051","Susceptible"
"1773.42004","Resistant"
"1773.16313","Susceptible"
"1733.10766","Resistant"
"1773.10650","Resistant"
"1773.4934","Susceptible"
"1773.2793","Susceptible"
"1733.1980","Susceptible"
"1773.13813","Susceptible"
"1773.18929","Susceptible"
"1733.9999","Susceptible"
"1733.1781","Susceptible"
"1773.27722","Susceptible"
"1773.27918","Susceptible"
"1773.2471","Susceptible"
"1773.33199","Resistant"
"1773.42151","Susceptible"
"1773.21374","Resistant"
"1773.34636","Susceptible"
"1773.14817","Susceptible"
"1773.4591","Susceptible"
"1733.2663","Resistant"
"1733.8003","Susceptible"
"1733.5496","Susceptible"
"1733.685","Susceptible"
"1773.39262","Susceptible"
"1773.1861","Susceptible"
"1773.40051","Susceptible"
"1773.31087","Susceptible"
"1733.4480","Susceptible"
"1773.19072","Susceptible"
"1408970.4",
"1773.27221","Susceptible"
"1773.19080","Susceptible"
"1773.21251","Susceptible"
"1733.3773","Susceptible"
"1733.6318","Susceptible"
"1733.9689","Susceptible"
"1773.21511","Resistant"
"1733.10220","Susceptible"
"1773.40087","Susceptible"
"1773.15581","Susceptible"
"1733.6006","Resistant"
"1773.19119","Susceptible"
"1408968.4","Susceptible"
"1733.10071","Susceptible"
"1733.1767","Susceptible"
"1773.38986","Resistant"
"1733.10279","Susceptible"
"1773.40969","Resistant"
"1773.20175","Susceptible"
"1733.7012","Susceptible"
"1773.43667","Resistant"
"1773.29881","Resistant"
"1773.33043","Resistant"
"1773.20089","Susceptible"
"1733.2072","Resistant"
"1773.14028","Susceptible"
"1773.36850","Resistant"
"1773.1334","Susceptible"
"1773.36747","Resistant"
"1773.35045","Susceptible"
"1773.30512","Susceptible"
"1733.5239","Susceptible"
"1447474.3","Resistant"
"1773.18858","Susceptible"
"1773.18341","Resistant"
"1733.11079","Resistant"
"1773.15053","Susceptible"
"1733.1029","Susceptible"
"1733.6349","Susceptible"
"1733.9996","Susceptible"
"1733.9000","Susceptible"
"1773.20522","Susceptible"
"1773.14571","Susceptible"
"1773.32132","Resistant"
"1773.5469","Susceptible"
"1773.5169","Susceptible"
"1733.5996","Resistant"
"1733.9043","Susceptible"
"1733.8335","Susceptible"
"1733.1904","Susceptible"
"1773.41899","Susceptible"
"1733.10182","Susceptible"
"1773.15992","Susceptible"
"1773.8014",
"1733.208","Resistant"
"1773.37120","Susceptible"
"1773.32416","Resistant"
"1733.10765","Susceptible"
"1773.20207","Susceptible"
"1733.5914","Susceptible"
"1773.21046","Susceptible"
"1773.27338","Susceptible"
"1733.6079","Susceptible"
"1733.2028","Susceptible"
"1733.8740","Susceptible"
"1773.3294","Resistant"
"1773.17418","Resistant"
"1733.6021","Susceptible"
"1773.34895","Susceptible"
"1733.8926","Resistant"
"1773.15375","Susceptible"
"1773.15016","Susceptible"
"1448601.3","Susceptible"
"1773.20781","Susceptible"
"1773.38970","Resistant"
"1773.27073","Susceptible"
"1733.10576","Susceptible"
"1733.7795","Resistant"
"1733.3192","Susceptible"
"1773.20813","Susceptible"
"1773.27382","Susceptible"
"1773.41011","Susceptible"
"1773.33326","Resistant"
"1733.8777","Resistant"
"1773.15575","Susceptible"
"1773.14919","Susceptible"
"1773.18932","Susceptible"
"1733.4396","Susceptible"
"1773.1859","Resistant"
"1773.41098","Resistant"
"1773.19728","Susceptible"
"1448596.3","Resistant"
"1773.38146","Resistant"
"1773.15947","Susceptible"
"1733.5505","Susceptible"
"1773.27061","Resistant"
"1438870.3","Resistant"
"1733.1154","Resistant"
"1773.40824","Resistant"
"1733.5905","Susceptible"
"1773.17555","Resistant"
"1733.10683","Susceptible"
"1773.27425","Susceptible"
"1773.21359","Resistant"
"1733.10963","Susceptible"
"1773.15187","Susceptible"
"1733.9883","Resistant"
"1773.37955","Resistant"
"1773.19770","Susceptible"
"1773.35549","Susceptible"
"1733.2849","Resistant"
"1733.7052","Resistant"
"1733.6471","Susceptible"
"1400870.3","Resistant"
"1773.15640","Susceptible"
"1733.4148","Susceptible"
"1408932.4","Resistant"
"1773.39711","Susceptible"
"1733.4017","Susceptible"
"1773.21288","Resistant"
"1295804.3","Resistant"
"1773.13526","Susceptible"
"1733.2667","Resistant"
"1773.39556","Resistant"
"1773.32933","Susceptible"
"1733.10968","Susceptible"
"1773.21511","Resistant"
"1733.5804","Susceptible"
"1773.19537","Susceptible"
"1773.21726","Susceptible"
"1773.38442","Susceptible"
"1773.35552","Susceptible"
"1733.5428","Susceptible"
"1773.28022","Susceptible"
"1773.35938","Susceptible"
"1773.33460","Resistant"
"1733.11096","Susceptible"
"1448812.3","Resistant"
"1773.10541","Resistant"
"1733.8996","Resistant"
"1773.17528","Resistant"
"1773.21041","Resistant"
"1773.16064","Susceptible"
"1733.2194","Resistant"
"1773.21175","Susceptible"
"1773.8303","Susceptible"
"1773.21018","Susceptible"
"1773.21593","Susceptible"
"1733.2953","Susceptible"
"1773.15270","Susceptible"
"1427255.3","Resistant"
"1733.7362","Resistant"
"1773.8171","Resistant"
"1773.40835","Susceptible"
"1773.14310","Susceptible"
"1324283.3","Resistant"
"1773.41227","Resistant"
"1773.18429","Resistant"
"1773.42989","Susceptible"
"1733.10636","Susceptible"
"1295807.3","Susceptible"
"1773.10577","Resistant"
"1773.39222","Susceptible"
"1773.3528","Resistant"
"1773.34861","Resistant"
"1733.10565","Susceptible"
"1773.8364","Susceptible"
"1733.8459","Resistant"
"1733.9677","Resistant"
"1773.27166","Susceptible"
"1733.8287","Susceptible"
"1773.19760","Susceptible"
"1733.5167","Susceptible"
"1733.5309","Susceptible"
"1773.20344","Susceptible"
"1773.8059",
"1773.33524","Resistant"
"1773.34989","Resistant"
"1733.1040","Susceptible"
"1773.38282","Resistant"
"1733.4471","Susceptible"
"1773.30663","Resistant"
"1773.15167","Resistant"
"1733.10669","Susceptible"
"1733.9650","Susceptible"
"1773.35493","Susceptible"
"1773.21307","Resistant"
"1733.2829","Resistant"
"1773.18683","Susceptible"
"1773.38028","Susceptible"
"1773.18398","Resistant"
"1773.36003","Resistant"
"1773.15665","Susceptible"
"1733.6549","Resistant"
"1773.32055","Susceptible"
"1773.21440","Resistant"
"1773.13111","Susceptible"
"1773.27933","Susceptible"
"1733.1903","Susceptible"
"1733.7203","Resistant"
"1773.17331","Susceptible"
"1733.4230","Susceptible"
"1773.15525","Resistant"
"1773.18842","Susceptible"
"1773.31341","Resistant"
"1773.15428","Susceptible"
"1773.18692","Resistant"
"1773.29489","Resistant"
"1773.13692","Resistant"
"1733.10681","Susceptible"
"1773.35297","Resistant"
"1733.7675","Resistant"
"1733.5964","Susceptible"
"1773.20337","Resistant"
"1733.4035","Susceptible"
"1773.36656","Susceptible"
"1733.11230","Resistant"
"1733.58","Susceptible"
"1773.41221","Susceptible"
"1773.36062","Resistant"
"1765.902","Susceptible"
"1733.7437","Resistant"
"1733.3056","Resistant"
"1773.33548","Susceptible"
"1773.4187","Resistant"
"1733.9278","Susceptible"
"1773.3051","Susceptible"
"1422027.3","Resistant"
"1773.39318","Resistant"
"1773.20299","Susceptible"
"1733.5953","Susceptible"
"1733.5631","Susceptible"
"1423449.3","Resistant"
"1773.40094","Susceptible"
"1773.40018","Susceptible"
"1773.13514","Susceptible"
"1773.3236","Resistant"
"1733.5948","Susceptible"
"1733.3066","Resistant"
"1773.37793","Resistant"
"1733.2919","Resistant"
"1773.29595","Resistant"
"1773.36730","Resistant"
"1773.5107","Susceptible"
"1733.5706","Susceptible"
"1773.28447","Susceptible"
"1295721.3","Resistant"
"1733.3086","Resistant"
"1773.15770","Resistant"
"1773.14258","Susceptible"
"1733.4791","Resistant"
"1733.5221","Susceptible"
"1773.43128","Susceptible"
"1733.10770","Susceptible"
"1733.6387","Susceptible"
"1773.8379","Susceptible"
"1773.42736","Resistant"
"1773.21639","Resistant"
"1773.27645","Susceptible"
"1773.39183","Susceptible"
"1773.20423","Resistant"
"1773.35299","Resistant"
"1773.4416","Susceptible"
"1773.34650","Susceptible"
"1773.36473","Resistant"
"1773.33445","Resistant"
"1773.35423","Susceptible"
"1733.9422","Susceptible"
"1733.4226","Susceptible"
"1448829.3","Susceptible"
"1773.42666","Susceptible"
"1773.41455","Resistant"
"1733.3338","Susceptible"
"1773.17398","Resistant"
"1448609.3","Resistant"
"1417011.3",
"1773.38618","Susceptible"
"1733.5149","Susceptible"
"1733.8424","Resistant"
"1773.19702","Susceptible"
"1773.2748","Susceptible"
"1773.14959","Susceptible"
"1773.38609","Susceptible"
"1773.27430","Susceptible"
"1773.41161","Resistant"
"1733.3090","Resistant"
"1773.13292","Susceptible"
"1733.841","Resistant"
"1733.6588","Resistant"
"1773.33653","Susceptible"
"1773.31179","Susceptible"
"1773.33204","Susceptible"
"1773.31209","Susceptible"
"1773.34299","Susceptible"
"1773.43482","Resistant"
"1773.20239","Susceptible"
"1773.31158","Susceptible"
"1773.18985","Susceptible"
"1773.38375","Susceptible"
"1773.33921","Susceptible"
"1733.1125","Susceptible"
"1733.7296","Resistant"
"1773.42639","Susceptible"
"1733.10873","Resistant"
"1773.40257","Susceptible"
"1773.19254","Susceptible"
"1448729.3","Susceptible"
"1773.35430","Susceptible"
"1773.19252","Susceptible"
"1733.3187","Susceptible"
"1733.6332","Susceptible"
"1733.10013","Susceptible"
"1773.36568","Susceptible"
"1733.1548","Resistant"
"1733.3386","Susceptible"
"1773.34505","Susceptible"
"1773.3402","Susceptible"
"1773.19688","Susceptible"
"1773.19819","Resistant"
"1773.5186","Susceptible"
"1733.3840","Susceptible"
"1733.34","Susceptible"
"1773.2900","Susceptible"
"1773.19955","Susceptible"
"1733.4658","Susceptible"
"1733.5300","Susceptible"
"1733.7383","Susceptible"
"1733.1611","Resistant"
"1733.2449","Resistant"
"1773.15612","Resistant"
"1773.36971","Susceptible"
"1773.27732","Susceptible"
"1773.29762","Susceptible"
"1773.5758","Susceptible"
"1733.9663","Susceptible"
"1733.4587","Resistant"
"1773.43379","Susceptible"
"1733.6284","Resistant"
"1733.7213","Resistant"
"1733.6714","Resistant"
"1773.30571","Susceptible"
"1773.35341","Susceptible"
"1773.20016","Susceptible"
"1773.41706","Resistant"
"1773.21299","Resistant"
"1773.37852","Susceptible"
"1773.38144","Resistant"
"1733.10179","Susceptible"
"1733.1135","Resistant"
"1773.10844","Resistant"
"1773.39057","Susceptible"
"1773.27837","Susceptible"
"1733.2019","Susceptible"
"1773.20201","Susceptible"
"1773.40459","Susceptible"
"1733.1481","Resistant"
"1765.880","Susceptible"
"1773.4438","Susceptible"
"1733.11146","Susceptible"
"1773.39242","Susceptible"
"1733.2174","Susceptible"
"1773.4983","Susceptible"
"1733.9804","Resistant"
"1733.6558","Resistant"
"1733.8421","Susceptible"
"1733.10691","Susceptible"
"1773.27246","Susceptible"
"1773.33006","Resistant"
"1733.7219","Susceptible"
"1773.40173","Susceptible"
"1733.5746","Susceptible"
"1773.27910","Susceptible"
"1733.8087","Susceptible"
"1733.1487","Susceptible"
"1733.2070","Susceptible"
"1733.8380","Susceptible"
"1733.137","Susceptible"
"1733.8997","Resistant"
"1773.21313","Resistant"
"1408930.4","Susceptible"
"1773.21566","Susceptible"
"1733.7821","Susceptible"
"1733.7973","Susceptible"
"1733.8652","Resistant"
"1773.38224","Resistant"
"1773.15300","Susceptible"
"1773.4030","Susceptible"
"1448491.3","Resistant"
"1773.20477","Susceptible"
"1324301.3","Susceptible"
"1733.1315","Susceptible"
"1773.19460","Susceptible"
"1773.32348","Resistant"
"1448760.3","Susceptible"
"1773.37096","Susceptible"
"1773.29712","Resistant"
"1773.39583","Susceptible"
"1773.4463","Susceptible"
"1773.37436","Susceptible"
"1733.7429","Resistant"
"1773.20110","Susceptible"
"1773.17629","Susceptible"
"1773.33878","Susceptible"
"1773.21273","Susceptible"
"1733.1120","Susceptible"
"1733.1055","Resistant"
"1773.40876","Susceptible"
"1773.15401","Susceptible"
"1773.31205","Susceptible"
"1773.8021",
"1773.19706","Susceptible"
"1733.4358","Susceptible"
"1773.27857","Susceptible"
"1773.33801","Susceptible"
"1733.7433","Resistant"
"1733.5782","Susceptible"
"1773.19436","Susceptible"
"1773.34851","Susceptible"
"1773.27876","Susceptible"
"1733.2215","Resistant"
"1733.3446","Susceptible"
"1773.19176","Susceptible"
"1733.9387","Susceptible"
"1773.19608","Susceptible"
"1733.3354","Susceptible"
"1773.43085","Resistant"
"1773.36758","Susceptible"
"1773.39487","Resistant"
"1773.8084",
"1733.9805","Susceptible"
"1773.2629","Susceptible"
"1773.18831","Susceptible"
"1773.37994","Resistant"
"1773.29240","Resistant"
"1773.34222","Susceptible"
"1773.15570","Resistant"
"1773.32824","Resistant"
"1733.5653","Susceptible"
"1733.10940","Susceptible"
"1733.11216","Susceptible"
"1733.5362","Susceptible"
"1773.29660","Susceptible"
"1733.7234","Susceptible"
"1733.688","Resistant"
"1733.2202","Resistant"
"1773.40775","Susceptible"
"1773.20533","Susceptible"
"1773.15997","Susceptible"
"1733.774","Resistant"
"1733.1092","Resistant"
"1773.16182","Susceptible"
"1773.3186","Resistant"
"1773.35951","Susceptible"
"1733.9897","Resistant"
"1773.2351","Resistant"
"1733.11272","Susceptible"
"1733.3249","Susceptible"
"1773.15557","Susceptible"
"1448584.3","Resistant"
"1733.9307","Susceptible"
"1773.39324","Susceptible"
"1733.7033","Susceptible"
"1773.17416","Resistant"
"1400898.3","Resistant"
"1733.3659","Susceptible"
"1773.15304","Susceptible"
"1733.3151","Susceptible"
"1733.6989","Susceptible"
"1773.19319","Susceptible"
"1408909.4","Susceptible"
"1773.19888","Susceptible"
"1733.10285","Susceptible"
"1773.15463","Susceptible"
"1422048.3","Resistant"
"1773.31313","Susceptible"
"1773.37014","Susceptible"
"1773.15641","Susceptible"
"1773.41207","Resistant"
"1773.37442","Susceptible"
"1447461.3","Resistant"
"1773.14830","Resistant"
"1733.5638","Susceptible"
"1773.980","Resistant"
"1773.40469","Susceptible"
"1773.5231","Susceptible"
"1733.1570","Resistant"
"1773.31729","Susceptible"
"1733.1634","Resistant"
"1773.39814","Susceptible"
"1773.19919","Susceptible"
"1448574.3","Resistant"
"1773.15184","Resistant"
"1773.28444","Susceptible"
"1733.6644","Resistant"
"1773.26774","Susceptible"
"1733.1122","Resistant"
"1733.7843","Susceptible"
"1773.15126","Resistant"
"1733.3779","Susceptible"
"1733.2125","Resistant"
"1773.33776","Resistant"
"1773.32510","Resistant"
"1733.10674","Susceptible"
"1773.18233","Resistant"
"1733.3115","Susceptible"
"1733.2053","Resistant"
"1733.5892","Susceptible"
"1733.4490","Susceptible"
"1733.3886","Susceptible"
"1773.36602","Susceptible"
"1733.10216","Susceptible"
"1773.16008","Susceptible"
"1733.8566","Susceptible"
"1773.15926","Susceptible"
"1773.13871","Susceptible"
"1733.1359","Susceptible"
"1733.10300","Susceptible"
"1773.18694","Resistant"
"1773.44764","Susceptible"
"1733.2984","Susceptible"
"1733.8300","Susceptible"
"1733.8619","Resistant"
"1733.242","Susceptible"
"1773.4176","Susceptible"
"1733.6745","Resistant"
"1773.40565","Resistant"
"1733.4904","Susceptible"
"1773.41624","Susceptible"
"1773.38425","Susceptible"
"1733.6911","Susceptible"
"1773.19957","Susceptible"
"1773.41552","Susceptible"
"1733.8298","Susceptible"
"1773.2717","Resistant"
"1733.10803","Resistant"
"1733.9913","Resistant"
"1773.42079","Susceptible"
"1733.1504","Susceptible"
"1733.1094","Resistant"
"1773.41669","Susceptible"
"1400895.3","Susceptible"
"1402590.3","Susceptible"
"1733.3733","Susceptible"
"1733.10891","Susceptible"
"1773.14344","Susceptible"
"1733.3776","Susceptible"
"1733.4191","Susceptible"
"1773.37080","Susceptible"
"1773.41332","Resistant"
"1733.10054","Susceptible"
"1773.41087","Susceptible"
"1733.10422","Susceptible"
"1773.33067","Susceptible"
"1773.14608","Susceptible"
"1773.20125","Susceptible"
"1733.8517","Resistant"
"1773.43007","Susceptible"
"1773.4558","Susceptible"
"1773.20375","Susceptible"
"1438892.3",
"1733.10523","Susceptible"
"1773.34032","Susceptible"
"1773.37227","Resistant"
"1773.5688","Susceptible"
"1773.5590","Susceptible"
"1773.1636","Susceptible"
"1733.10027","Susceptible"
"1773.18636","Susceptible"
"1773.4293","Susceptible"
"1773.41125","Resistant"
"1773.41682","Resistant"
"1733.8488","Susceptible"
"1733.5115","Susceptible"
"1773.37161","Susceptible"
"1773.21425","Resistant"
"1733.2351","Resistant"
"1733.3449","Susceptible"
"1773.41466","Resistant"
"1773.18342","Resistant"
"1733.4175","Resistant"
"1773.29828","Resistant"
"1773.34567","Susceptible"
"1733.8861","Resistant"
"1773.42144","Susceptible"
"1773.17446","Susceptible"
"1773.19598","Susceptible"
"1773.15331","Susceptible"
"1773.41347","Resistant"
"1733.6088","Resistant"
"1733.5028","Susceptible"
"1773.41408","Resistant"
"1733.1901","Susceptible"
"1733.1172","Susceptible"
"1773.20135","Susceptible"
"1733.8874","Susceptible"
"1733.1376","Resistant"
"1773.33016","Resistant"
"1733.1874","Susceptible"
"1773.41133","Resistant"
"1773.43321","Susceptible"
"1773.41465","Susceptible"
"1733.7471","Susceptible"
"1773.3444","Susceptible"
"1448753.3","Resistant"
"1773.16194","Susceptible"
"1773.33771","Resistant"
"1773.39088","Susceptible"
"1773.41427","Resistant"
"1397907.3","Resistant"
"1733.3933","Resistant"
"1733.5778","Susceptible"
"1773.30659","Resistant"
"1773.41533","Resistant"
"1733.2208","Susceptible"
"1773.40189","Susceptible"
"1773.18895","Susceptible"
"1733.574","Susceptible"
"1773.40088","Susceptible"
"1733.4194","Susceptible"
"1733.10483","Susceptible"
"1733.7541","Resistant"
"1733.2472","Susceptible"
"1733.7867","Susceptible"
"1773.14374","Resistant"
"1773.41452","Susceptible"
"1773.29282","Resistant"
"1733.9466","Susceptible"
"1773.17850","Susceptible"
"1773.13634","Susceptible"
"1733.9328","Resistant"
"1773.15585","Susceptible"
"1773.21572","Resistant"
"1733.1829","Susceptible"
"1733.2337","Susceptible"
"1773.20079","Susceptible"
"1773.26098","Resistant"
"1773.31309","Susceptible"
"1773.42578","Resistant"
"1733.8667","Resistant"
"1773.14784","Susceptible"
"1733.1224","Resistant"
"1773.29609","Resistant"
"1773.20899","Resistant"
"1773.36335","Susceptible"
"1773.15937","Susceptible"
"1773.43056","Resistant"
"1733.4503","Susceptible"
"1773.33099","Susceptible"
"1733.9941","Resistant"
"1733.6922","Susceptible"
"1773.13775","Susceptible"
"1773.13524","Susceptible"
"1773.14718","Susceptible"
"1773.35969","Resistant"
"1773.37104","Susceptible"
"1733.9090","Resistant"
"1733.8411","Susceptible"
"1773.36654","Susceptible"
"1773.5402","Susceptible"
"1733.4472","Susceptible"
"1733.4346","Resistant"
"1773.39108","Susceptible"
"1733.6556","Susceptible"
"1733.4302","Susceptible"
"1773.35025","Susceptible"
"1773.18413","Resistant"
"1773.34617","Susceptible"
"1773.42449","Susceptible"
"1773.4215","Susceptible"
"1773.37822","Susceptible"
"1773.41609","Susceptible"
"1448837.3","Susceptible"
"1773.31731","Susceptible"
"1427298.3","Resistant"
"1733.6264","Susceptible"
"1733.1216","Susceptible"
"1733.3613","Susceptible"
"1773.38017","Resistant"
"1733.3012","Susceptible"
"1733.5429","Susceptible"
"1400938.3",
"1733.7545","Resistant"
"1733.3754","Susceptible"
"1773.35968","Resistant"
"1773.2720","Resistant"
"1773.41399","Susceptible"
"1733.9842","Susceptible"
"1773.31902","Resistant"
"1773.35881","Resistant"
"1773.39509","Susceptible"
"1773.19529","Susceptible"
"1773.21213","Susceptible"
"1733.6333","Susceptible"
"1773.28006","Susceptible"
"1733.3510","Susceptible"
"1773.41414","Resistant"
"1773.33422","Resistant"
"1733.8902","Resistant"
"1733.1288","Resistant"
"1773.20556","Susceptible"
"1733.7871","Susceptible"
"1773.37392","Susceptible"
"1733.1785","Susceptible"
"1733.4339","Susceptible"
"1773.19404","Susceptible"
"1773.19415","Susceptible"
"1773.13661","Susceptible"
"1733.8260","Susceptible"
"1733.3837","Susceptible"
"1773.4351","Susceptible"
"1773.21478","Resistant"
"1773.43187","Resistant"
"1773.13134","Susceptible"
"1733.8955","Resistant"
"1773.23411","Susceptible"
"1733.5527","Susceptible"
"1773.14757","Susceptible"
"1733.5894","Susceptible"
"1773.28252","Susceptible"
"1773.42500","Susceptible"
"1733.4159","Susceptible"
"1773.38874","Resistant"
"1773.41648","Resistant"
"1733.1767","Susceptible"
"1773.4823","Susceptible"
"1427292.3","Susceptible"
"1773.38374","Susceptible"
"1773.35591","Susceptible"
"1773.3611","Susceptible"
"1773.30434","Resistant"
"1773.20132","Susceptible"
"1733.2253","Resistant"
"1773.15657","Susceptible"
"1773.41340","Resistant"
"1733.1990","Susceptible"
"1733.10958","Susceptible"
"1733.6550","Susceptible"
"1733.460","Susceptible"
"1733.3463","Susceptible"
"1773.28087","Susceptible"
"1773.4992","Susceptible"
"1773.10720","Resistant"
"1773.19870","Susceptible"
"1733.7623","Resistant"
"1733.7267","Resistant"
"1773.42261","Resistant"
"1773.27474","Susceptible"
"1773.38356","Resistant"
"1773.20529","Susceptible"
"1773.15336","Susceptible"
"1773.21317","Resistant"
"1773.33877","Susceptible"
"1733.4925","Susceptible"
"1773.16087","Susceptible"
"1733.9104","Susceptible"
"1773.38164","Resistant"
"1773.15343","Susceptible"
"1773.31127","Susceptible"
"1773.5670","Susceptible"
"1733.9019","Resistant"
"1733.4030","Susceptible"
"1448509.3","Resistant"
"1733.1544","Resistant"
"1773.19096","Susceptible"
"1773.33283","Resistant"
"1773.31308","Susceptible"
"1773.17877","Resistant"
"1422109.3","Resistant"
"1773.33758","Susceptible"
"1773.4020","Resistant"
"1773.32357","Susceptible"
"1773.40902","Susceptible"
"1773.35927","Susceptible"
"1773.26815","Resistant"
"1421965.3","Resistant"
"1773.13615","Susceptible"
"1773.33858","Resistant"
"1733.6893","Resistant"
"1773.1423","Resistant"
"1733.1581","Resistant"
"1773.19645","Susceptible"
"1733.4280","Susceptible"
"1733.1478","Susceptible"
"1733.2683","Resistant"
"1733.189","Resistant"
"1733.5068","Susceptible"
"1773.8262","Susceptible"
"1773.31522","Resistant"
"1773.39978","Susceptible"
"1733.10561","Susceptible"
"1733.4041","Susceptible"
"1733.1537","Resistant"
"1733.975","Susceptible"
"1733.4674","Susceptible"
"1733.7669","Resistant"
"1733.7934","Susceptible"
"1733.6308","Susceptible"
"1773.5844","Susceptible"
"1773.34068","Susceptible"
"1733.960","Resistant"
"1773.4533","Susceptible"
"1397925.3","Resistant"
"1773.36495","Susceptible"
"1773.38270","Resistant"
"1773.28544","Susceptible"
"1733.8829","Resistant"
"1733.1210","Resistant"
"1773.15982","Resistant"
"1733.9040","Resistant"
"1733.2082","Susceptible"
"1733.3057","Resistant"
"1733.1266","Susceptible"
"1733.6938","Resistant"
"1733.6507","Susceptible"
"1773.18615","Resistant"
"1773.39148","Susceptible"
"1773.15567","Susceptible"
"1733.9196","Susceptible"
"1773.19813","Susceptible"
"1773.23628","Susceptible"
"1773.39246","Resistant"
"1773.43347","Susceptible"
"1773.1681","Resistant"
"1773.10691","Resistant"
"1733.4654","Susceptible"
"1773.13776","Susceptible"
"1733.3091","Resistant"
"1773.29867","Resistant"
"1773.14122","Susceptible"
"1773.38230","Resistant"
"1733.6451","Susceptible"
"1773.43036","Susceptible"
"1733.4332","Susceptible"
"1773.36964","Susceptible"
"1733.8155","Susceptible"
"1773.2997","Susceptible"
"1773.15379","Susceptible"
"1773.19936","Susceptible"
"1773.4699","Susceptible"
"1295782.3","Resistant"
"1733.3122","Susceptible"
"1773.31195","Susceptible"
"1773.3685","Susceptible"
"1773.19960","Susceptible"
"1773.40811","Resistant"
"1773.33296","Susceptible"
"1773.41161","Resistant"
"1733.10638","Resistant"
"1773.4048","Resistant"
"1773.4201","Resistant"
"1773.21514","Resistant"
"1733.3687","Susceptible"
"1773.38380","Susceptible"
"1421929.3","Resistant"
"1773.41368","Resistant"
"1733.1411","Resistant"
"1733.1859","Susceptible"
"1773.40674","Susceptible"
"1733.9135","Susceptible"
"1773.18565","Resistant"
"1773.21415","Susceptible"
"1773.37200","Susceptible"
"1733.6182","Susceptible"
"1773.14195","Resistant"
"1733.4380","Susceptible"
"1733.8445","Resistant"
"1773.38700","Susceptible"
"1773.42594","Resistant"
"1773.29436","Resistant"
"1733.4577","Susceptible"
"1773.4875","Susceptible"
"1773.14180","Susceptible"
"1773.1716","Susceptible"
"1733.1490","Susceptible"
"1733.8802","Resistant"
"1733.4839","Susceptible"
"1773.33383","Susceptible"
"1733.6758","Susceptible"
"1733.102","Resistant"
"1773.36379","Susceptible"
"1733.1214","Resistant"
"1773.42241","Susceptible"
"1733.7266","Resistant"
"1733.3764","Susceptible"
"1773.33317","Susceptible"
"1773.35260","Susceptible"
"1773.19844","Susceptible"
"1773.4653","Susceptible"
"1773.20528","Susceptible"
"1773.18319","Resistant"
"1773.37488","Resistant"
"1773.951","Susceptible"
"1773.3553","Susceptible"
"1733.9962","Resistant"
"1773.14652","Susceptible"
"1773.37988","Susceptible"
"1733.2823","Resistant"
"1773.5824","Susceptible"
"1773.15993","Susceptible"
"1773.43480","Susceptible"
"1773.36614","Susceptible"
"1733.5075","Susceptible"
"1773.18604","Susceptible"
"1295801.3","Resistant"
"1324256.3","Resistant"
"1773.15064","Susceptible"
"1733.6737","Susceptible"
"1773.18839","Susceptible"
"1773.41919","Resistant"
"1733.1010","Resistant"
"1733.6067","Susceptible"
"1773.14164","Susceptible"
"1773.16103","Resistant"
"1773.32257","Resistant"
"1773.19161","Susceptible"
"1773.42198","Resistant"
"1773.41516","Resistant"
"1773.32433","Susceptible"
"1773.13419","Susceptible"
"1295759.3","Resistant"
"1733.1178","Susceptible"
"1773.4331","Susceptible"
"1773.33178","Resistant"
"1773.41284","Susceptible"
"1773.1333","Resistant"
"1733.1040","Susceptible"
"1400941.3",
"1773.41988","Susceptible"
"1733.10950","Susceptible"
"1773.20324","Susceptible"
"1773.40042","Resistant"
"1733.2535","Resistant"
"1733.4612","Susceptible"
"1773.42085","Resistant"
"1773.5659","Susceptible"
"1773.36104","Resistant"
"1773.8398","Resistant"
"1733.8078","Susceptible"
"1733.2242","Resistant"
"1733.969","Resistant"
"1733.3963","Susceptible"
"1733.3123","Susceptible"
"1773.32889","Susceptible"
"1773.20011","Susceptible"
"1733.6148","Susceptible"
"1400918.3","Resistant"
"1773.14738","Susceptible"
"1773.21281","Resistant"
"1773.29460","Resistant"
"1773.41688","Resistant"
"1773.42546","Resistant"
"1733.10736","Susceptible"
"1773.17159","Susceptible"
"1773.44724","Resistant"
"1773.33511","Resistant"
"1773.36675","Susceptible"
"1773.20201","Susceptible"
"1773.20969","Resistant"
"1773.19729","Susceptible"
"1733.3022","Susceptible"
"1773.15614","Susceptible"
"1773.21692","Susceptible"
"1773.26102","Resistant"
"1733.7315","Resistant"
"1733.1823","Susceptible"
"1773.32780","Resistant"
"1773.15335","Susceptible"
"1773.2586","Susceptible"
"1773.36686","Susceptible"
"1773.35132","Resistant"
"1773.35809","Resistant"
"1773.41884","Susceptible"
"1773.15495","Susceptible"
"1733.4399","Susceptible"
"1773.41524","Susceptible"
"1773.18787","Susceptible"
"1773.18628","Resistant"
"1773.18933","Susceptible"
"1773.41296","Resistant"
"1773.17683","Susceptible"
"1773.37219","Susceptible"
"1733.10443","Susceptible"
"1733.2439","Resistant"
"1733.11269","Susceptible"
"1773.5432","Susceptible"
"1733.10392","Resistant"
"1773.38456","Susceptible"
"1773.15882","Susceptible"
"1733.4530","Susceptible"
"1773.4657","Resistant"
"1733.9083","Resistant"
"1773.21680","Susceptible"
"1773.19345","Susceptible"
"1733.6544","Resistant"
"1733.2227","Resistant"
"1773.13925","Susceptible"
"1448601.3","Susceptible"
"1733.3337","Susceptible"
"1733.5899","Susceptible"
"1773.2666","Susceptible"
"1733.5038","Susceptible"
"1773.30660","Susceptible"
"1733.5539","Susceptible"
"1773.29368","Resistant"
"1773.1470","Resistant"
"1773.2922","Susceptible"
"1733.2253","Resistant"
"1733.7215","Resistant"
"1733.2187","Susceptible"
"1773.2801","Resistant"
"1773.41421","Susceptible"
"1773.19461","Susceptible"
"1773.29504","Resistant"
"1773.3808","Susceptible"
"1773.20053","Susceptible"
"1733.5214","Susceptible"
"1733.8136","Resistant"
"1773.39336","Susceptible"
"1773.21535","Resistant"
"1773.3437","Resistant"
"1773.39802","Susceptible"
"1733.10383","Susceptible"
"1773.39077","Susceptible"
"1773.40216","Susceptible"
"1773.38364","Susceptible"
"1773.42017","Resistant"
"1773.34190","Susceptible"
"1733.6400","Susceptible"
"1773.42720","Resistant"
"1773.27224","Susceptible"
"1773.17610","Susceptible"
"1773.27227","Susceptible"
"1773.33103","Susceptible"
"1773.42055","Resistant"
"1773.4019","Resistant"
"1773.41523","Susceptible"
"1773.39981","Susceptible"
"1773.15842","Resistant"
"1733.2466","Susceptible"
"1295802.3","Susceptible"
"1773.30574","Susceptible"
"1773.32180","Resistant"
"1773.42721","Resistant"
"1773.3248","Susceptible"
"1773.39949","Susceptible"
"1733.1729","Susceptible"
"1773.40717","Susceptible"
"1397938.3","Susceptible"
"1408934.4","Resistant"
"1733.9844","Susceptible"
"1773.31440","Susceptible"
"1773.14812","Susceptible"
"1773.41769","Resistant"
"1773.29425","Resistant"
"1733.8845","Resistant"
"1733.6347","Resistant"
"1773.19954","Susceptible"
"1733.6083","Susceptible"
"1773.20253","Susceptible"
"1324227.3","Resistant"
"1773.38053","Resistant"
"1733.2905","Resistant"
"1733.8516","Resistant"
"1733.10577","Susceptible"
"1773.20941","Susceptible"
"1773.13319","Susceptible"
"1733.903","Resistant"
"1733.8469","Resistant"
"1773.34870","Susceptible"
"1448427.3","Susceptible"
"1773.4919","Susceptible"
"1773.26946","Resistant"
"1773.42535","Resistant"
"1773.29752","Susceptible"
"1773.29580","Resistant"
"1773.37192","Susceptible"
"1733.9075","Resistant"
"1773.3228","Susceptible"
"1773.19216","Susceptible"
"1733.5093","Susceptible"
"1733.7900","Susceptible"
"1733.4188","Susceptible"
"1773.8342","Susceptible"
"1773.29556","Resistant"
"1773.20909","Susceptible"
"1733.3186","Susceptible"
"1773.41843","Resistant"
"1773.32966","Susceptible"
"1773.32221","Resistant"
"1733.3214","Susceptible"
"1773.21691","Susceptible"
"1773.33989","Susceptible"
"1733.9198","Susceptible"
"1773.31493","Susceptible"
"1773.38541","Susceptible"
"1773.41745","Resistant"
"1773.18960","Susceptible"
"1773.36227","Resistant"
"1733.4433","Susceptible"
"1773.18822","Susceptible"
"1733.2235","Resistant"
"1773.32878","Susceptible"
"1773.10837","Resistant"
"1773.4336","Susceptible"
"1733.9891","Resistant"
"1773.31556","Resistant"
"1733.6081","Susceptible"
"1773.43378","Susceptible"
"1773.18642","Susceptible"
"1773.5376","Susceptible"
"1733.2797","Resistant"
"1733.6030","Susceptible"
"1733.3206","Susceptible"
"1733.5518","Susceptible"
"1773.20819","Susceptible"
"1773.31317","Susceptible"
"1773.19557","Susceptible"
"1733.11105","Susceptible"
"1773.5928","Susceptible"
"1773.36640","Susceptible"
"1773.29101","Susceptible"
"1773.35739","Resistant"
"1733.9204","Susceptible"
"1733.6184","Susceptible"
"1773.19549","Susceptible"
"1733.1988","Susceptible"
"1773.38559","Susceptible"
"1773.36918","Susceptible"
"1733.2575","Resistant"
"1733.8182","Susceptible"
"1773.37696","Resistant"
"1773.29199","Resistant"
"1773.38404","Susceptible"
"1733.3609","Susceptible"
"1773.41061","Resistant"
"1773.15454","Susceptible"
"1773.4386","Susceptible"
"1773.20821","Susceptible"
"1733.2539","Susceptible"
"1773.33438","Resistant"
"1773.31449","Resistant"
"78331.98","Susceptible"
"1733.4166","Susceptible"
"1733.4107","Susceptible"
"1773.8241","Susceptible"
"1733.2247","Resistant"
"1733.6216","Susceptible"
"1773.42570","Susceptible"
"1773.28491","Susceptible"
"1773.39294","Resistant"
"1733.7601","Resistant"
"1773.35934","Susceptible"
"1773.36095","Resistant"
"1773.35266","Susceptible"
"1733.4894","Resistant"
"1773.19169","Susceptible"
"1773.27578","Susceptible"
"1773.37762","Resistant"
"1773.31165","Susceptible"
"1733.3199","Susceptible"
"1773.1942","Susceptible"
"1773.5914","Susceptible"
"1733.4072","Susceptible"
"1773.39136","Susceptible"
"1773.18978","Susceptible"
"1733.6742","Susceptible"
"1733.4067","Resistant"
"1733.6372","Susceptible"
"1773.43699","Resistant"
"1733.9440","Susceptible"
"1733.8550","Resistant"
"1733.1891","Susceptible"
"1733.3841","Resistant"
"1773.42150","Resistant"
"1733.7482","Resistant"
"1733.3871","Susceptible"
"1773.20982","Susceptible"
"1773.42418","Susceptible"
"1733.2505","Susceptible"
"1733.1006","Resistant"
"1733.295","Resistant"
"1773.38383","Susceptible"
"1733.6460","Susceptible"
"1773.35517","Susceptible"
"1733.7835","Susceptible"
"1733.1244","Resistant"
"1773.40998","Resistant"
"1773.29374","Resistant"
"1773.15485","Resistant"
"1733.1067","Resistant"
"1733.3531","Susceptible"
"1773.271","Resistant"
"1773.36014","Resistant"
"1773.37923","Resistant"
"1733.6502","Susceptible"
"1773.38652","Susceptible"
"1773.36136","Susceptible"
"1773.4943","Susceptible"
"1773.23707","Resistant"
"1733.2150","Susceptible"
"1733.5044","Susceptible"
"1773.40914","Susceptible"
"1773.40168","Susceptible"
"1773.41524","Resistant"
"1408952.4",
"1773.31085","Susceptible"
"1733.471","Resistant"
"1773.17352","Susceptible"
"1733.4421","Susceptible"
"1773.15479","Susceptible"
"1733.2243","Resistant"
"1773.29429","Resistant"
"1733.11076","Susceptible"
"1773.32310","Resistant"
"1773.20051","Susceptible"
"1773.28214","Susceptible"
"1733.3003","Susceptible"
"1773.18161","Resistant"
"1773.16273","Susceptible"
"1773.13946","Susceptible"
"1773.40304","Susceptible"
"1773.18253","Resistant"
"1733.9704","Susceptible"
"1733.1076","Resistant"
"1733.9986","Susceptible"
"1733.11186","Susceptible"
"1733.1156","Resistant"
"1773.31620","Resistant"
"1733.8347","Susceptible"
"1733.4033","Susceptible"
"1733.3526","Susceptible"
"1733.1861","Susceptible"
"1773.40268","Susceptible"
"1773.32202","Resistant"
"1773.31730","Resistant"
"1733.6476","Susceptible"
"1733.6586","Susceptible"
"1773.32831","Resistant"
"1773.13073","Susceptible"
"1773.14891","Susceptible"
"1773.331","Resistant"
"1773.41185","Susceptible"
"1773.19481","Susceptible"
"1773.5601","Susceptible"
"1733.721","Resistant"
"1773.20232","Susceptible"
"1773.38060","Susceptible"
"1733.8842","Resistant"
"1733.5188","Susceptible"
"1773.32983","Susceptible"
"1773.14241","Susceptible"
"1773.29451","Resistant"
"1733.9250","Susceptible"
"1773.32658","Resistant"
"1773.5621","Susceptible"
"1733.8698","Resistant"
"1733.5814","Resistant"
"1733.9129","Susceptible"
"1733.457","Susceptible"
"1773.38732","Resistant"
"1773.34063","Susceptible"
"1773.27735","Susceptible"
"1765.427","Susceptible"
"1733.7530","Susceptible"
"1733.1023","Susceptible"
"1773.23417","Susceptible"
"1773.3449","Susceptible"
"1773.13330","Susceptible"
"1773.3283","Susceptible"
"1733.8051","Susceptible"
"1773.2509","Susceptible"
"1773.8022",
"1733.9987","Susceptible"
"1733.435","Susceptible"
"1422019.3","Resistant"
"1733.5973","Susceptible"
"1773.37412","Susceptible"
"1773.1914","Resistant"
"1773.42501","Resistant"
"1773.3681","Susceptible"
"1773.20442","Resistant"
"1733.2121","Susceptible"
"1773.42600","Resistant"
"1733.9539","Susceptible"
"1773.17598","Resistant"
"1773.40728","Resistant"
"1400875.3","Resistant"
"1733.1122","Resistant"
"1773.14013","Susceptible"
"1773.28148","Susceptible"
"1773.40551","Susceptible"
"1773.15711","Susceptible"
"1773.15251","Susceptible"
"1773.29458","Resistant"
"1773.29351","Susceptible"
"1733.10852","Susceptible"
"1773.23409","Resistant"
"1773.42225","Resistant"
"1773.4282","Susceptible"
"1733.7828","Susceptible"
"1773.18282","Resistant"
"1733.5205","Susceptible"
"1773.19987","Susceptible"
"1773.38711","Resistant"
"1773.37312","Susceptible"
"1733.1946","Susceptible"
"1773.38036","Resistant"
"1773.35472","Susceptible"
"1773.17307","Susceptible"
"1773.32292","Susceptible"
"1773.2939","Susceptible"
"1773.20250","Susceptible"
"1773.40578","Susceptible"
"1773.5656","Susceptible"
"1773.15778","Susceptible"
"1773.37328","Susceptible"
"1773.5440","Susceptible"
"1773.20553","Susceptible"
"1733.4207","Susceptible"
"1773.32260","Resistant"
"1733.2909","Resistant"
"1773.39288","Resistant"
"1733.5893","Susceptible"
"1773.41858","Resistant"
"1733.2831","Resistant"
"1773.14215","Susceptible"
"1773.33483","Resistant"
"1773.1717","Resistant"
"1733.2497","Resistant"
"1733.9028","Resistant"
"1773.4084","Susceptible"
"1733.7194","Resistant"
"1773.39220","Susceptible"
"1773.33710","Susceptible"
"1733.963","Susceptible"
"1773.18655","Susceptible"
"1773.40980","Susceptible"
"1733.136","Susceptible"
"1773.15581","Resistant"
"1773.14259","Susceptible"
"1733.1121","Resistant"
"1773.17257","Susceptible"
"1773.29533","Resistant"
"1773.28295","Susceptible"
"1733.8427","Resistant"
"1773.34056","Susceptible"
"1773.35722","Susceptible"
"1733.869","Susceptible"
"1773.19780","Susceptible"
"1733.7971","Susceptible"
"1733.3445","Resistant"
"1773.16328","Susceptible"
"1773.41840","Resistant"
"1773.1774","Susceptible"
"1733.4323","Resistant"
"1773.9517","Resistant"
"1773.43784","Susceptible"
"1773.15121","Resistant"
"1773.32350","Susceptible"
"1773.31816","Resistant"
"1421968.3","Resistant"
"1733.6964","Susceptible"
"1773.39838","Susceptible"
"1773.36590","Susceptible"
"1773.41156","Resistant"
"1773.18756","Susceptible"
"1733.6121","Resistant"
"1773.33191","Resistant"
"1773.40842","Resistant"
"1773.40636","Resistant"
"1773.33442","Resistant"
"1733.161","Susceptible"
"1773.39930","Resistant"
"1733.11270","Susceptible"
"1733.10534","Susceptible"
"1295727.3","Resistant"
"1733.5279","Resistant"
"1773.27779","Susceptible"
"1423458.3","Resistant"
"1733.5601","Resistant"
"1773.21582","Susceptible"
"1773.29270","Resistant"
"1773.41563","Susceptible"
"1733.11092","Susceptible"
"1773.15873","Susceptible"
"1773.42502","Susceptible"
"1773.29447","Resistant"
"1773.41618","Resistant"
"1733.10784","Susceptible"
"1733.5210","Susceptible"
"1773.4230","Susceptible"
"1773.43605","Susceptible"
"1773.15113","Susceptible"
"1733.728","Resistant"
"1773.1372","Resistant"
"1773.13547","Susceptible"
"1773.18676","Resistant"
"1773.34326","Susceptible"
"1773.21498","Resistant"
"1773.17919","Susceptible"
"1773.21341","Resistant"
"1733.10955","Susceptible"
"1733.4949","Susceptible"
"1773.19485","Resistant"
"1733.11201","Susceptible"
"1733.9860","Resistant"
"1773.39167","Susceptible"
"1733.8960","Resistant"
"1773.34265","Susceptible"
"1773.31779","Susceptible"
"1773.29610","Resistant"
"1733.459","Susceptible"
"1733.2020","Susceptible"
"1773.3160","Susceptible"
"1733.10469","Susceptible"
"1733.3816","Susceptible"
"1773.19035","Susceptible"
"1773.34918","Susceptible"
"1773.42267","Susceptible"
"1733.1983","Susceptible"
"1733.9430","Susceptible"
"1773.366","Resistant"
"1733.5668","Susceptible"
"1773.36219","Resistant"
"1773.14335","Susceptible"
"1733.8939","Susceptible"
"1773.41510","Resistant"
"1773.41973","Susceptible"
"1773.38697","Resistant"
"1733.6077","Susceptible"
"1773.21226","Susceptible"
"1773.44792","Susceptible"
"1733.9683","Susceptible"
"1773.18782","Resistant"
"1773.26892","Resistant"
"1773.42373","Resistant"
"1773.40031","Susceptible"
"1438848.3","Resistant"
"1773.3181","Susceptible"
"1455270.3","Resistant"
"1773.29438","Resistant"
"1733.1531","Resistant"
"1773.43769","Susceptible"
"1773.15968","Susceptible"
"1422091.3","Resistant"
"1773.41045","Resistant"
"1773.41821","Resistant"
"1773.29413","Resistant"
"1773.33828","Resistant"
"1773.5596","Susceptible"
"1773.5884","Susceptible"
"1773.15556","Susceptible"
"1773.37463","Resistant"
"1773.33533","Susceptible"
"1733.5730","Susceptible"
"1773.28296","Susceptible"
"1733.1893","Susceptible"
"1733.1140","Resistant"
"1733.10435","Resistant"
"1733.8635","Susceptible"
"1733.2435","Resistant"
"1773.38447","Susceptible"
"1438877.3",
"1773.17482","Susceptible"
"1773.33916","Susceptible"
"1733.2814","Resistant"
"1773.41309","Susceptible"
"1773.5028","Susceptible"
"1773.38838","Resistant"
"1733.10118","Susceptible"
"1733.7581","Resistant"
"1773.40756","Resistant"
"1773.29568","Resistant"
"1448544.3","Resistant"
"1773.41374","Susceptible"
"1733.2284","Resistant"
"1733.10802","Susceptible"
"1773.34891","Susceptible"
"1733.4274","Susceptible"
"1765.428","Susceptible"
"1773.29322","Resistant"
"1773.33902","Resistant"
"1773.43802","Susceptible"
"1773.28325","Susceptible"
"1773.21265","Resistant"
"1773.18298","Resistant"
"1733.9578","Susceptible"
"1773.14927","Susceptible"
"1733.10905","Susceptible"
"1733.3009","Susceptible"
"1733.1844","Susceptible"
"1773.36118","Susceptible"
"1773.15238","Susceptible"
"1773.23664","Resistant"
"1733.4683","Susceptible"
"1733.6911","Susceptible"
"1773.32093","Resistant"
"1448833.3","Resistant"
"1733.8439","Resistant"
"1773.37129","Susceptible"
"1773.31615","Resistant"
"1773.5361","Susceptible"
"1733.3010","Resistant"
"1773.5003","Susceptible"
"1773.20963","Susceptible"
"1733.9696","Susceptible"
"1733.2026","Susceptible"
"1773.39345","Susceptible"
"1733.9057","Resistant"
"1773.26762","Resistant"
"1733.7715","Resistant"
"1773.19127","Susceptible"
"1773.8034",
"1773.13266","Susceptible"
"1733.4560","Susceptible"
"1773.14783","Susceptible"
"1733.3458","Susceptible"
"1733.8640","Susceptible"
"1773.17368","Susceptible"
"1773.29006","Susceptible"
"1773.39384","Susceptible"
"1427204.3","Resistant"
"1773.18539","Resistant"
"1733.3679","Susceptible"
"1773.20072","Susceptible"
"1773.41504","Resistant"
"1773.19090","Susceptible"
"1773.41651","Susceptible"
"1773.13348","Susceptible"
"1773.31833","Susceptible"
"1733.8269","Resistant"
"1733.1235","Susceptible"
"1773.5821","Susceptible"
"1773.14667","Susceptible"
"1733.6929","Susceptible"
"1733.6319","Resistant"
"1773.20087","Susceptible"
"1733.2888","Resistant"
"1773.4985","Susceptible"
"1773.5080","Susceptible"
"1773.20995","Susceptible"
"1773.20586","Resistant"
"1733.10102","Susceptible"
"1733.2925","Resistant"
"1773.4845","Susceptible"
"1733.4141","Susceptible"
"1733.75","Susceptible"
"1773.36704","Susceptible"
"1733.2701","Resistant"
"1773.39334","Susceptible"
"1773.4104","Resistant"
"1733.7857","Resistant"
"1773.35336","Susceptible"
"1733.5085","Susceptible"
"1773.5729","Susceptible"
"1773.15513","Susceptible"
"1773.19134","Susceptible"
"1773.13196","Susceptible"
"1733.4224","Susceptible"
"1773.2822","Susceptible"
"1765.958","Susceptible"
"1773.41320","Resistant"
"1773.1238","Resistant"
"1773.4572","Susceptible"
"1773.40858","Susceptible"
"1773.8065",
"1733.3394","Susceptible"
"1773.27897","Susceptible"
"1733.2437","Susceptible"
"1733.4928","Susceptible"
"1733.7268","Susceptible"
"1733.8394","Resistant"
"1733.4530","Susceptible"
"1733.3469","Susceptible"
"1733.3483","Susceptible"
"1733.1318","Resistant"
"1773.18653","Susceptible"
"1773.41478","Susceptible"
"1773.18682","Resistant"
"1773.10562","Resistant"
"1733.678","Resistant"
"1773.32998","Susceptible"
"1773.42090","Susceptible"
"1733.19","Susceptible"
"1733.10066","Susceptible"
"1773.39488","Resistant"
"1397868.3","Resistant"
"1733.8815","Resistant"
"1773.4895","Susceptible"
"1773.36053","Resistant"
"1733.9687","Susceptible"
"1733.5816","Susceptible"
"1733.6896","Susceptible"
"1733.3958","Susceptible"
"1773.40694","Susceptible"
"1733.1745","Susceptible"
"1773.9548","Susceptible"
"1773.36206","Resistant"
"1773.38762","Resistant"
"1773.19016","Susceptible"
"1773.13617","Susceptible"
"1773.36197","Resistant"
"1773.3475","Susceptible"
"1773.19400","Susceptible"
"1733.6296","Resistant"
"1773.23649","Resistant"
"1733.2082","Susceptible"
"1733.623","Resistant"
"1773.15653","Resistant"
"1773.29601","Resistant"
"1733.9746","Susceptible"
"1773.23620","Resistant"
"1733.3350","Susceptible"
"1733.7640","Resistant"
"1773.31614","Resistant"
"1733.8653","Susceptible"
"1733.3495","Resistant"
"1733.3161","Susceptible"
"1773.15477","Susceptible"
"1773.40574","Resistant"
"1733.8436","Susceptible"
"1773.3218","Resistant"
"1773.18711","Susceptible"
"1733.10513","Resistant"
"1448506.3","Resistant"
"1773.36031","Resistant"
"1773.18345","Resistant"
"1773.41698","Susceptible"
"1733.5133","Susceptible"
"1773.32259","Resistant"
"1733.8329","Susceptible"
"1773.38570","Susceptible"
"1773.16282","Susceptible"
"1773.19161","Susceptible"
"1773.14925","Susceptible"
"1733.7194","Resistant"
"1773.42185","Resistant"
"1773.15636","Susceptible"
"1733.6105","Susceptible"
"1773.22839","Susceptible"
"1733.7789","Resistant"
"1773.35875","Resistant"
"1733.1467","Susceptible"
"1733.2133","Susceptible"
"1773.5259","Susceptible"
"1773.43535","Resistant"
"1773.14610","Susceptible"
"1733.10239","Susceptible"
"1773.5692","Susceptible"
"1773.29745","Susceptible"
"1733.2232","Susceptible"
"1773.38047","Susceptible"
"1773.37637","Susceptible"
"1773.21383","Resistant"
"1773.34637","Resistant"
"1733.9183","Susceptible"
"1773.13345","Susceptible"
"1773.40867","Resistant"
"1733.4574","Susceptible"
"1733.5985","Susceptible"
"1773.19017","Susceptible"
"1773.31820","Susceptible"
"1773.18966","Susceptible"
"1733.10043","Susceptible"
"1773.16348","Susceptible"
"1733.1167","Resistant"
"1773.3044","Resistant"
"1733.6647","Susceptible"
"1773.15068","Susceptible"
"1773.4873","Susceptible"
"1773.42798","Resistant"
"1733.5460","Susceptible"
"1733.8427","Resistant"
"1733.1171","Susceptible"
"1733.3229","Susceptible"
"1773.19562","Susceptible"
"1773.42087","Resistant"
"1733.6290","Resistant"
"1773.21229","Resistant"
"1773.42879","Susceptible"
"1773.13503","Susceptible"
"1773.20498","Resistant"
"1773.18434","Resistant"
"1733.8023","Susceptible"
"1773.19698","Susceptible"
"1773.32937","Resistant"
"1733.1273","Resistant"
"1733.4609","Susceptible"
"1773.20613","Susceptible"
"1773.30577","Susceptible"
"1733.10862","Susceptible"
"1733.6769","Susceptible"
"1773.14489","Susceptible"
"1733.8777","Resistant"
"1773.15839","Resistant"
"1773.39621","Susceptible"
"1733.11164","Susceptible"
"1733.2955","Susceptible"
"1773.21529","Resistant"
"1773.18421","Resistant"
"1773.34710","Susceptible"
"1773.41687","Susceptible"
"1773.4721","Susceptible"
"1733.1997","Susceptible"
"1733.3809","Susceptible"
"1773.20598","Resistant"
"1733.10745","Susceptible"
"1773.42338","Resistant"
"1733.8519","Resistant"
"1773.33577","Resistant"
"1773.31260","Susceptible"
"1438858.3","Resistant"
"1773.3424","Susceptible"
"1773.37307","Susceptible"
"1773.14664","Resistant"
"1733.4123","Resistant"
"1773.14944","Susceptible"
"1773.20086","Susceptible"
"1733.6621","Susceptible"
"1733.3359","Susceptible"
"1397905.3","Susceptible"
"1733.2987","Susceptible"
"1733.1274","Resistant"
"1733.1624","Resistant"
"1733.2268","Resistant"
"1733.4483","Susceptible"
"1733.2029","Susceptible"
"1733.4498","Resistant"
"1733.5705","Susceptible"
"1773.27581","Susceptible"
"1773.15188","Susceptible"
"1733.11180","Susceptible"
"1773.19919","Susceptible"
"1773.5273","Susceptible"
"1773.18378","Resistant"
"1773.15399","Susceptible"
"1773.2826","Susceptible"
"1448697.3","Susceptible"
"1733.10534","Susceptible"
"1773.18495","Resistant"
"1733.7813","Resistant"
"1733.1533","Resistant"
"1733.9159","Susceptible"
"1773.32926","Resistant"
"1733.1063","Susceptible"
"1773.15992","Susceptible"
"1773.37943","Resistant"
"1733.7422","Resistant"
"1773.18980","Susceptible"
"1733.10529","Susceptible"
"1733.4759","Susceptible"
"1773.18680","Resistant"
"1773.41791","Resistant"
"1773.40346","Resistant"
"1423518.3","Resistant"
"1733.6567","Resistant"
"1773.17420","Susceptible"
"1773.31183","Susceptible"
"1733.5974","Resistant"
"1773.14315","Susceptible"
"1773.4897","Susceptible"
"1773.39819","Susceptible"
"1733.9828","Resistant"
"1733.2824","Resistant"
"1733.7951","Resistant"
"1773.39974","Susceptible"
"1733.7092","Susceptible"
"1733.6535","Susceptible"
"1773.20331","Susceptible"
"1773.10557","Resistant"
"1733.4142","Susceptible"
"1773.39821","Resistant"
"1733.8435","Resistant"
"1733.9531","Susceptible"
"1773.28138","Susceptible"
"1733.1346","Resistant"
"1733.6118","Resistant"
"1733.7000","Resistant"
"1773.38184","Susceptible"
"1773.26955","Resistant"
"1733.1275","Resistant"
"1773.39700","Susceptible"
"1773.36290","Susceptible"
"1773.39216","Susceptible"
"1773.14802","Susceptible"
"1773.17340","Susceptible"
"1733.8849","Susceptible"
"1733.5487","Susceptible"
"1733.377","Susceptible"
"1773.3455","Susceptible"
"1733.2264","Resistant"
"1773.19255","Susceptible"
"1448576.3","Resistant"
"1773.40451","Susceptible"
"1733.1467","Susceptible"
"1733.8493","Susceptible"
"1773.14671","Resistant"
"1773.17573","Susceptible"
"1773.20231","Susceptible"
"1733.3644","Susceptible"
"1773.34189","Susceptible"
"1733.8963","Resistant"
"1773.31921","Resistant"
"1773.19948","Susceptible"
"1773.20260","Susceptible"
"1773.19697","Susceptible"
"1773.19203","Susceptible"
"1733.11161","Susceptible"
"1733.4416","Susceptible"
"1773.43728","Susceptible"
"1773.39818","Susceptible"
"1733.3444","Susceptible"
"1733.4193","Susceptible"
"1773.21685","Resistant"
"1733.7297","Resistant"
"1773.40529","Susceptible"
"1773.41806","Susceptible"
"1773.18641","Resistant"
"1773.39769","Resistant"
"1773.26817","Resistant"
"1773.3408","Susceptible"
"1773.15748","Susceptible"
"1773.19410","Resistant"
"1773.27852","Resistant"
"1733.10376","Susceptible"
"1773.42010","Susceptible"
"1773.18898","Susceptible"
"1733.1105","Resistant"
"1773.21198","Resistant"
"1773.42423","Resistant"
"1733.3198","Susceptible"
"1733.3849","Susceptible"
"1733.2815","Resistant"
"1773.29857","Resistant"
"1421970.3","Resistant"
"1733.6968","Resistant"
"1733.10369","Susceptible"
"1773.35923","Susceptible"
"1733.3474","Susceptible"
"1733.4752","Susceptible"
"1733.4452","Susceptible"
"1773.41197","Resistant"
"1773.32605","Resistant"
"1733.5233","Susceptible"
"1773.14695","Susceptible"
"1733.8189","Resistant"
"1773.33265","Susceptible"
"1773.28348","Susceptible"
"1773.16332","Susceptible"
"1773.20444","Resistant"
"1733.9678","Susceptible"
"1773.16378","Susceptible"
"1773.4119","Susceptible"
"1773.31934","Susceptible"
"1733.9651","Susceptible"
"1448455.3","Susceptible"
"1773.18917","Susceptible"
"1733.11141","Susceptible"
"1733.5540","Susceptible"
"1773.4937","Susceptible"
"1733.3881","Susceptible"
"1733.1165","Susceptible"
"1733.2346","Resistant"
"1773.13235","Susceptible"
"1733.4959","Resistant"
"1773.1634","Resistant"
"1733.5789","Susceptible"
"1773.15798","Susceptible"
"1773.20056","Susceptible"
"1733.3604","Susceptible"
"1733.2479","Resistant"
"1773.19275","Susceptible"
"1773.43794","Susceptible"
"1733.11250","Resistant"
"1773.3110","Susceptible"
"1733.7467","Resistant"
"1733.8057","Susceptible"
"1773.21105","Susceptible"
"1733.9323","Susceptible"
"1733.3301","Susceptible"
"1733.6750","Resistant"
"1773.42171","Resistant"
"1733.8158","Susceptible"
"1773.13648","Susceptible"
"1773.19922","Susceptible"
"1773.13495","Susceptible"
"1733.6103","Resistant"
"1773.30521","Susceptible"
"1733.959","Resistant"
"1733.1482","Susceptible"
"1773.18696","Resistant"
"1733.10374","Susceptible"
"1773.16043","Susceptible"
"1733.4846","Susceptible"
"1773.34676","Susceptible"
"1773.4285","Susceptible"
"1733.7074","Susceptible"
"1773.32521","Susceptible"
"1773.21619","Resistant"
"1773.27685","Susceptible"
"1733.11202","Susceptible"
"1773.34560","Susceptible"
"1773.18411","Resistant"
"1773.32430","Resistant"
"1733.9892","Resistant"
"1773.29995","Susceptible"
"1773.20946","Susceptible"
"1733.8532","Resistant"
"1354137.3","Susceptible"
"1733.6918","Susceptible"
"1773.36429","Susceptible"
"1773.31800","Resistant"
"1773.38004","Susceptible"
"1773.34010","Resistant"
"1773.34323","Susceptible"
"1733.1121","Resistant"
"1773.26096","Resistant"
"1773.27420","Susceptible"
"1773.3076","Susceptible"
"1773.37818","Resistant"
"1733.7839","Susceptible"
"1773.2729","Resistant"
"1773.27990","Susceptible"
"1773.21422","Resistant"
"1400939.3","Resistant"
"1448464.3","Resistant"
"1773.16176","Susceptible"
"1773.41786","Resistant"
"1733.7911","Susceptible"
"1773.17646","Resistant"
"1733.8720","Resistant"
"1773.41144","Resistant"
"1733.4602","Susceptible"
"1773.1751","Resistant"
"1773.15749","Susceptible"
"1733.403","Resistant"
"1733.1032","Resistant"
"1733.10877","Susceptible"
"1773.32277","Resistant"
"1733.4730","Susceptible"
"1733.513","Susceptible"
"1733.9011","Resistant"
"1773.37221","Susceptible"
"1733.11179","Susceptible"
"1773.15208","Susceptible"
"1733.6209","Susceptible"
"1773.41880","Resistant"
"1733.7482","Resistant"
"1773.18401","Resistant"
"1733.3070","Resistant"
"1773.19586","Susceptible"
"1733.7923","Susceptible"
"1733.10772","Susceptible"
"1733.2151","Susceptible"
"1773.41034","Resistant"
"1773.36581","Susceptible"
"1773.39386","Susceptible"
"1773.29920","Susceptible"
"1733.5528","Susceptible"
"1773.37281","Susceptible"
"1773.19684","Susceptible"
"1773.5580","Susceptible"
"1733.3653","Susceptible"
"1733.6791","Susceptible"
"1733.8445","Resistant"
"1773.27673","Susceptible"
"1733.9094","Susceptible"
"1733.8283","Susceptible"
"1773.27611","Susceptible"
"1765.509","Susceptible"
"1773.3945","Susceptible"
"1733.4767","Susceptible"
"1773.1614","Susceptible"
"1773.17252","Susceptible"
"1773.43582","Resistant"
"1773.14884","Susceptible"
"1773.3392","Resistant"
"1733.1736","Resistant"
"1773.41098","Resistant"
"1773.35682","Resistant"
"1773.21204","Resistant"
"1773.14903","Susceptible"
"1773.31166","Susceptible"
"1773.34251","Susceptible"
"1773.5407","Susceptible"
"1773.34357","Susceptible"
"1773.40726","Resistant"
"1773.21454","Susceptible"
"1773.21372","Resistant"
"1773.32645","Resistant"
"1733.9833","Susceptible"
"1733.2368","Susceptible"
"1408949.4","Susceptible"
"1773.42105","Susceptible"
"1773.13717","Susceptible"
"1733.11124","Resistant"
"1733.5923","Resistant"
"1733.2838","Resistant"
"1773.19267","Susceptible"
"1733.10360","Susceptible"
"1773.38069","Susceptible"
"1773.15611","Susceptible"
"1773.39863","Susceptible"
"1773.29329","Susceptible"
"1733.2144","Resistant"
"1773.15411","Susceptible"
"1773.38291","Resistant"
"1773.20414","Resistant"
"1773.19322","Susceptible"
"1773.2792","Susceptible"
"1733.3423","Susceptible"
"1773.23355","Resistant"
"1773.21509","Resistant"
"1733.1078","Susceptible"
"1773.41166","Resistant"
"1397910.3","Resistant"
"1773.42439","Susceptible"
"1773.8650","Susceptible"
"1773.42287","Resistant"
"1733.3222","Susceptible"
"1733.7041","Resistant"
"1733.4941","Susceptible"
"1773.20554","Resistant"
"1733.6093","Susceptible"
"1733.10398","Susceptible"
"1733.606","Resistant"
"1773.38555","Susceptible"
"1773.19408","Susceptible"
"1773.4902","Susceptible"
"1733.10395","Susceptible"
"1773.18727","Susceptible"
"1733.2249","Resistant"
"1773.3230","Susceptible"
"1773.4598","Susceptible"
"1773.15342","Susceptible"
"1773.28168","Susceptible"
"1773.318","Resistant"
"1733.10826","Susceptible"
"1773.4474","Susceptible"
"1773.19133","Susceptible"
"1733.3103","Susceptible"
"1773.21579","Resistant"
"1733.9995","Susceptible"
"1733.3079","Resistant"
"1773.15484","Susceptible"
"1773.28220","Susceptible"
"1773.30432","Resistant"
"1773.3630","Susceptible"
"1773.29646","Resistant"
"1773.41047","Susceptible"
"1733.8861","Resistant"
"1773.10614","Resistant"
"1733.7019","Susceptible"
"1773.10751","Resistant"
"1733.2217","Susceptible"
"1773.41941","Susceptible"
"1773.3179","Susceptible"
"1773.36336","Susceptible"
"1733.4624","Susceptible"
"1765.414","Susceptible"
"1773.40016","Susceptible"
"1773.15185","Susceptible"
"1733.2883","Resistant"
"1773.5834","Susceptible"
"1733.10722","Resistant"
"1773.8299","Resistant"
"1773.43507","Susceptible"
"1733.7077","Resistant"
"1773.5422","Susceptible"
"1773.18418","Resistant"
"1733.7954","Resistant"
"1733.385","Susceptible"
"1733.4963","Susceptible"
"1773.15712","Resistant"
"1733.3918","Susceptible"
"1448819.3","Susceptible"
"1773.18227","Resistant"
"1773.15577","Susceptible"
"1733.4570","Susceptible"
"1773.20171","Susceptible"
"1733.1468","Susceptible"
"1773.28097","Susceptible"
"1773.15422","Susceptible"
"1773.33259","Susceptible"
"1773.19099","Susceptible"
"1733.6453","Susceptible"
"1773.13581","Resistant"
"1400924.3",
"1773.36839","Susceptible"
"1773.21029","Susceptible"
"1773.17544","Resistant"
"1773.33130","Susceptible"
"1773.36200","Resistant"
"1773.20986","Resistant"
"1773.17228","Susceptible"
"1423440.3","Resistant"
"1773.29932","Susceptible"
"1773.36618","Susceptible"
"1733.6967","Susceptible"
"1733.5005","Susceptible"
"1773.31613","Resistant"
"1733.8055","Susceptible"
"1773.19597","Susceptible"
"1773.14778","Susceptible"
"1408951.4",
"1733.6498","Susceptible"
"1733.3528","Susceptible"
"1773.34508","Susceptible"
"1773.42616","Resistant"
"1733.1188","Resistant"
"1773.19190","Susceptible"
"1773.42205","Susceptible"
"1773.5690","Susceptible"
"1773.18553","Resistant"
"1773.20815","Susceptible"
"1773.21001","Susceptible"
"1733.2170","Resistant"
"1773.15686","Resistant"
"1773.19199","Susceptible"
"1733.11155","Susceptible"
"1733.7117","Resistant"
"1773.19834","Susceptible"
"1733.3304","Susceptible"
"1733.4276","Susceptible"
"1324250.3","Resistant"
"1733.1019","Resistant"
"1733.6469","Susceptible"
"1733.581","Resistant"
"1733.7981","Resistant"
"1448563.3","Resistant"
"1773.40967","Susceptible"
"1773.14317","Susceptible"
"1773.35225","Susceptible"
"1773.20190","Susceptible"
"1733.7643","Resistant"
"1773.31726","Resistant"
"1733.3118","Susceptible"
"1773.13659","Susceptible"
"1773.33108","Resistant"
"1773.13534","Susceptible"
"1773.34767","Susceptible"
"1733.5878","Resistant"
"1733.6001","Susceptible"
"1773.20889","Susceptible"
"1733.6563","Susceptible"
"1773.38928","Resistant"
"1773.19960","Susceptible"
"1733.9811","Susceptible"
"1773.33334","Resistant"
"1773.20008","Susceptible"
"1733.7889","Resistant"
"1773.31894","Resistant"
"1733.11019","Susceptible"
"1773.21032","Resistant"
"1438835.3","Resistant"
"1773.35648","Susceptible"
"1733.5753","Susceptible"
"1733.4521","Susceptible"
"1773.14865","Susceptible"
"1773.20156","Susceptible"
"1773.20297","Susceptible"
"1773.39155","Susceptible"
"1733.3817","Susceptible"
"1733.6859","Resistant"
"1773.42249","Resistant"
"1733.3434","Susceptible"
"1773.3544","Susceptible"
"1773.35651","Resistant"
"1773.4650","Susceptible"
"1773.27356","Susceptible"
"1733.2413","Resistant"
"1773.18518","Resistant"
"1773.29439","Resistant"
"1733.9045","Resistant"
"1733.1203","Resistant"
"1733.3821","Susceptible"
"1733.3719","Susceptible"
"1733.2137","Resistant"
"1733.8231","Susceptible"
"1733.1436","Resistant"
"1408904.4","Susceptible"
"1773.41059","Resistant"
"1733.9927","Resistant"
"1773.27428","Susceptible"
"1773.42266","Resistant"
"1773.36229","Resistant"
"1427264.3","Susceptible"
"1773.21455","Resistant"
"1773.16043","Susceptible"
"1733.4265","Susceptible"
"1773.42130","Resistant"
"1733.1828","Susceptible"
"1773.15704","Susceptible"
"1773.40279","Resistant"
"1773.42398","Susceptible"
"1773.20577","Resistant"
"1773.32316","Resistant"
"1773.43009","Susceptible"
"1733.4121","Susceptible"
"1773.13453","Susceptible"
"1773.4552","Susceptible"
"1773.19559","Susceptible"
"1773.39542","Resistant"
"1773.38795","Resistant"
"1733.10254","Susceptible"
"1773.18929","Resistant"
"1733.2781","Resistant"
"1773.38174","Resistant"
"1773.14978","Susceptible"
"1733.7898","Susceptible"
"1733.6462","Susceptible"
"1773.29275","Susceptible"
"1773.36454","Susceptible"
"1773.35550","Susceptible"
"1733.4796","Susceptible"
"1773.16345","Susceptible"
"1773.40714","Resistant"
"1773.34780","Susceptible"
"1773.33474","Resistant"
"1773.15588","Susceptible"
"1773.13361","Susceptible"
"1773.39277","Resistant"
"1733.3502","Susceptible"
"1773.30593","Susceptible"
"1773.14987","Susceptible"
"1773.35687","Resistant"
"1773.42339","Resistant"
"1733.1024","Resistant"
"1773.40123","Susceptible"
"1773.28344","Susceptible"
"1773.18199","Resistant"
"1773.2478","Susceptible"
"1773.43267","Resistant"
"1733.8892","Resistant"
"1733.9338","Susceptible"
"1733.9411","Resistant"
"1733.5360","Susceptible"
"1733.1733","Susceptible"
"1773.38831","Resistant"
"1733.8744","Susceptible"
"1773.1381","Susceptible"
"1773.39543","Resistant"
"1773.42062","Susceptible"
"1773.34360","Resistant"
"1733.6433","Susceptible"
"1773.13497","Susceptible"
"1733.8828","Resistant"
"1733.5982","Susceptible"
"1733.1314","Resistant"
"1733.3927","Susceptible"
"1773.40756","Resistant"
"1773.10648","Resistant"
"1733.296","Resistant"
"1733.8047","Susceptible"
"1773.33935","Resistant"
"1733.2706","Susceptible"
"1773.13323","Susceptible"
"1773.1415","Susceptible"
"1773.18890","Susceptible"
"1733.1017","Susceptible"
"1733.6534","Resistant"
"1733.7841","Susceptible"
"1773.20517","Resistant"
"1773.18369","Resistant"
"1733.6671","Susceptible"
"1773.18396","Resistant"
"1773.20605","Susceptible"
"1773.27454","Susceptible"
"1773.18990","Susceptible"
"1448454.3","Susceptible"
"1733.1680","Resistant"
"1733.7823","Resistant"
"1733.4045","Susceptible"
"1397886.3","Resistant"
"1773.15551","Susceptible"
"1773.37004","Susceptible"
"1773.33582","Resistant"
"1397933.3","Resistant"
"1773.31235","Susceptible"
"1448616.3","Susceptible"
"1733.1455","Susceptible"
"1773.4995","Susceptible"
"1733.5960","Resistant"
"1773.28466","Susceptible"
"1733.10135","Susceptible"
"1773.32800","Susceptible"
"1773.33741","Susceptible"
"1733.1410","Resistant"
"1733.470","Resistant"
"1773.15341","Susceptible"
"1733.2510","Resistant"
"1733.4542","Susceptible"
"1733.5758","Susceptible"
"1773.17583","Susceptible"
"1733.10327","Susceptible"
"1773.18984","Susceptible"
"1733.8899","Susceptible"
"1733.1625","Resistant"
"1733.8975","Resistant"
"1773.28094","Susceptible"
"1773.39980","Susceptible"
"2583591.8","Susceptible"
"1773.35737","Resistant"
"1733.1511","Resistant"
"1773.17433","Resistant"
"1773.15170","Susceptible"
"1773.23636","Resistant"
"1448654.3","Susceptible"
"1773.42350","Resistant"
"1773.40048","Susceptible"
"1733.2984","Susceptible"
"1773.19125","Susceptible"
"1733.1485","Resistant"
"1733.4044","Susceptible"
"1733.3310","Resistant"
"1773.1479","Susceptible"
"1733.5158","Susceptible"
"1773.23371","Resistant"
"1773.15296","Susceptible"
"1773.36693","Susceptible"
"1773.948","Susceptible"
"1773.28034","Resistant"
"1773.16072","Susceptible"
"1733.5897","Susceptible"
"1773.10625","Susceptible"
"1773.36733","Resistant"
"1733.5683","Susceptible"
"1733.8486","Resistant"
"1773.3626","Susceptible"
"1773.5702","Susceptible"
"1733.10860","Susceptible"
"1773.1576","Resistant"
"1773.36428","Susceptible"
"1773.5333","Susceptible"
"1448417.3","Susceptible"
"1773.36488","Resistant"
"1773.39146","Susceptible"
"1773.21520","Resistant"
"1733.4085","Susceptible"
"1733.4673","Susceptible"
"1733.9126","Susceptible"
"1733.8545","Resistant"
"1773.20799","Susceptible"
"1733.9088","Resistant"
"1427207.3","Resistant"
"1773.17853","Susceptible"
"1773.38466","Susceptible"
"1773.4885","Susceptible"
"1773.35122","Resistant"
"1773.15161","Susceptible"
"1773.1796","Resistant"
"1773.36492","Resistant"
"1773.19578","Susceptible"
"1773.15746","Susceptible"
"1733.1814","Resistant"
"1733.4048","Susceptible"
"1733.6661","Susceptible"
"1733.3761","Susceptible"
"1773.15210","Susceptible"
"1773.30579","Susceptible"
"1733.6336","Susceptible"
"1773.15912","Susceptible"
"1733.7953","Susceptible"
"1773.21157","Susceptible"
"1733.5959","Resistant"
"1773.40640","Resistant"
"1733.7746","Resistant"
"1773.21312","Resistant"
"1733.4622","Susceptible"
"1773.36006","Resistant"
"1733.2268","Resistant"
"1733.6289","Susceptible"
"1773.42157","Resistant"
"1733.7414","Resistant"
"1733.10756","Susceptible"
"1733.6802","Susceptible"
"1773.15635","Susceptible"
"1354160.3","Susceptible"
"1773.33118","Resistant"
"1773.39137","Susceptible"
"1733.369","Susceptible"
"1773.33226","Susceptible"
"1733.2185","Susceptible"
"1733.6872","Susceptible"
"1773.18446","Resistant"
"1733.3874","Susceptible"
"1773.41601","Susceptible"
"1733.10416","Susceptible"
"1773.20125","Susceptible"
"1733.6256","Susceptible"
"1733.4713","Resistant"
"1733.3328","Susceptible"
"1733.8300","Susceptible"
"1773.42679","Susceptible"
"1773.28056","Susceptible"
"1773.41564","Susceptible"
"1773.21603","Resistant"
"1773.5541","Susceptible"
"1773.20659","Susceptible"
"1773.39253","Resistant"
"1733.9789","Susceptible"
"1773.14966","Susceptible"
"1733.3043","Resistant"
"1773.31117","Susceptible"
"1733.1435","Resistant"
"1773.15927","Susceptible"
"1773.33563","Susceptible"
"1733.2265","Susceptible"
"1773.5242","Susceptible"
"1773.16038","Susceptible"
"1773.16303","Resistant"
"1733.48","Susceptible"
"1733.5403","Susceptible"
"1773.39859","Susceptible"
"1733.11178","Susceptible"
"1733.1387","Resistant"
"1733.1600","Resistant"
"1773.20393","Resistant"
"1773.32790","Susceptible"
"1773.16086","Resistant"
"1773.41037","Resistant"
"1773.32397","Resistant"
"1733.5648","Susceptible"
"1773.18528","Resistant"
"1773.20281","Resistant"
"1733.7305","Resistant"
"1733.677","Susceptible"
"1733.4429","Susceptible"
"1773.21293","Susceptible"
"1773.30493","Susceptible"
"1773.21145","Susceptible"
"1733.9660","Susceptible"
"1773.42019","Resistant"
"1773.39351","Susceptible"
"1773.1743","Resistant"
"1773.39147","Susceptible"
"1773.36984","Resistant"
"1733.5735","Susceptible"
"1733.10571","Susceptible"
"1733.7961","Susceptible"
"1733.4726","Susceptible"
"1773.1726","Resistant"
"1773.40853","Resistant"
"1773.15883","Susceptible"
"1773.39307","Susceptible"
"1773.37782","Resistant"
"1427214.3","Resistant"
"1773.1761","Susceptible"
"1733.10516","Susceptible"
"1773.15663","Susceptible"
"1733.2979","Susceptible"
"1733.749","Resistant"
"1733.7091","Resistant"
"1733.3389","Susceptible"
"1773.21528","Resistant"
"1773.36596","Susceptible"
"1773.35227","Resistant"
"1773.17479","Susceptible"
"1773.35713","Resistant"
"1733.9715","Susceptible"
"1733.5933","Susceptible"
"1733.1436","Resistant"
"1773.38944","Resistant"
"1773.19009","Susceptible"
"1733.9246","Susceptible"
"1773.17954","Susceptible"
"1773.31809","Resistant"
"1773.39151","Susceptible"
"1773.16063","Susceptible"
"1733.2730","Resistant"
"1733.7655","Resistant"
"1733.10130","Susceptible"
"1733.3994","Susceptible"
"1773.18488","Resistant"
"1773.43529","Resistant"
"1733.2068","Resistant"
"1733.4864","Susceptible"
"1733.7628","Resistant"
"1773.33584","Resistant"
"1773.3570","Susceptible"
"1733.8318","Susceptible"
"1733.17","Susceptible"
"1773.9538","Resistant"
"1773.42349","Susceptible"
"1773.27745","Susceptible"
"1773.1102","Resistant"
"1773.15275","Susceptible"
"1773.3783","Susceptible"
"1773.4881","Susceptible"
"1773.27015","Resistant"
"1733.1546","Resistant"
"1773.18723","Susceptible"
"1773.31658","Susceptible"
"1733.9196","Susceptible"
"1773.19358","Susceptible"
"1733.10799","Susceptible"
"1773.18696","Resistant"
"1773.41853","Resistant"
"1773.20468","Resistant"
"1773.33898","Resistant"
"1773.13935","Susceptible"
"1733.2580","Resistant"
"1773.10684","Resistant"
"1733.9085","Resistant"
"1773.29769","Resistant"
"1773.27970","Susceptible"
"1773.43032","Susceptible"
"1733.2433","Resistant"
"1733.501","Susceptible"
"1733.9688","Susceptible"
"1773.32303","Resistant"
"1773.28033","Susceptible"
"1773.29494","Resistant"
"1773.35435","Susceptible"
"1773.36938","Susceptible"
"1733.9816","Susceptible"
"1773.32974","Susceptible"
"1773.19305","Resistant"
"1773.36259","Susceptible"
"1773.42303","Susceptible"
"1773.37474","Susceptible"
"1733.4005","Susceptible"
"1773.37220","Susceptible"
"1773.42270","Susceptible"
"1733.10769","Susceptible"
"1733.9496","Susceptible"
"1773.18877","Susceptible"
"1733.9855","Resistant"
"1733.8884","Resistant"
"1448400.3","Susceptible"
"1773.1524","Resistant"
"1733.61","Susceptible"
"1773.19346","Susceptible"
"1773.29452","Resistant"
"1773.21433","Susceptible"
"1733.9807","Susceptible"
"1773.31445","Susceptible"
"1733.9870","Susceptible"
"1733.7376","Resistant"
"1733.8621","Susceptible"
"1773.8259","Susceptible"
"1733.9664","Susceptible"
"1448430.3","Susceptible"
"1773.37383","Susceptible"
"1773.15353","Susceptible"
"1773.18320","Resistant"
"1773.3416","Susceptible"
"1773.1869","Resistant"
"1773.14971","Susceptible"
"1773.28994","Susceptible"
"1773.40084","Susceptible"
"1773.40958","Resistant"
"1773.3794","Susceptible"
"1773.4475","Susceptible"
"1773.13295","Susceptible"
"1733.3956","Resistant"
"1773.41338","Resistant"
"1773.27181","Resistant"
"1733.917","Resistant"
"1733.5612","Susceptible"
"1773.14316","Resistant"
"1733.4236","Susceptible"
"1773.41846","Resistant"
"1773.19914","Susceptible"
"1733.5949","Susceptible"
"1733.7404","Resistant"
"1773.38419","Susceptible"
"1773.36202","Susceptible"
"1773.34653","Resistant"
"1773.19246","Susceptible"
"1733.3552","Susceptible"
"1773.21489","Susceptible"
"1773.34221","Susceptible"
"1773.30609","Susceptible"
"1773.40647","Resistant"
"1773.32842","Susceptible"
"1438834.3",
"1408916.4",
"1773.16089","Susceptible"
"1733.6149","Resistant"
"1773.38324","Resistant"
"1773.3690","Susceptible"
"1773.38306","Resistant"
"1773.2588","Resistant"
"1773.18468","Resistant"
"1733.7395","Resistant"
"1733.9473","Resistant"
"1773.15777","Susceptible"
"1773.19188","Resistant"
"1773.1275","Resistant"
"1773.29673","Resistant"
"1733.2660","Resistant"
"1733.3675","Susceptible"
"1773.20509","Resistant"
"1773.10600","Resistant"
"1773.4329","Susceptible"
"1773.19333","Susceptible"
"1733.7530","Susceptible"
"1733.2784","Resistant"
"1773.4643","Resistant"
"1733.5792","Susceptible"
"1773.19387","Susceptible"
"1733.8807","Resistant"
"1733.5661","Susceptible"
"1733.9318","Susceptible"
"1733.4198","Susceptible"
"1733.7735","Resistant"
"1733.8431","Resistant"
"1733.8532","Resistant"
"1773.15685","Susceptible"
"1773.34113","Susceptible"
"1773.5586","Susceptible"
"1773.2548","Susceptible"
"1773.20162","Susceptible"
